"sequence","species","task"
"ATGTACTCCCCCAGAGTGTCCGGGGGCCCCAGCCAAGGGAC","H.sapiens","4mC"
"ATGTACTCCCCCAGAGTGTCCGGGGGCCCCAGCCAAGGGAC","H.sapiens","5hmC"
"ATGTACTCCCCCAGAGTGTCCGGGGGCCCCAGCCAAGGGAC","H.sapiens","6mA"
"AATTGGATAGGGAGAAGCCGATGTAGCTGATTCTAGCAAGA","A.thaliana","6mA"
"AATTGGATAGGGAGAAGCCGATGTAGCTGATTCTAGCAAGA","F.vesca","6mA"
"AATTGGATAGGGAGAAGCCGATGTAGCTGATTCTAGCAAGA","C.equisetifolia","6mA"
"AATTGGATAGGGAGAAGCCGATGTAGCTGATTCTAGCAAGA","R.chinensis","6mA"
"GAAAGTACGCGCTTCGTCGGCGATGATCGGTACCAGACGAT","A.thaliana","4mC"
"GAAAGTACGCGCTTCGTCGGCGATGATCGGTACCAGACGAT","C.elegans","4mC"
"GAAAGTACGCGCTTCGTCGGCGATGATCGGTACCAGACGAT","D.melanogaster","4mC"
"GAAAGTACGCGCTTCGTCGGCGATGATCGGTACCAGACGAT","C.equisetifolia","4mC"
"GAAAGTACGCGCTTCGTCGGCGATGATCGGTACCAGACGAT","F.vesca","4mC"
"GAAAGTACGCGCTTCGTCGGCGATGATCGGTACCAGACGAT","S.cerevisiae","4mC"
"GAAAGTACGCGCTTCGTCGGCGATGATCGGTACCAGACGAT","Tolypocladium","4mC"
