id,sequence,label
+sample,CCGAGCCTCCCTGAGGAGCACGGCCCCCTGCTCCATGGCGC,1
+sample,ATCCCACAAGTCAAGTCTTGCTCCTCCTGTACTTATACAGT,1
-sample,ACTTCAGCACCACCTGTCTTCACTTGAAATCAATTGTCTGC,0
+sample,CTGTCCTGACTAGGATTCAGCGTAAGCTTGACTAAGCTCAA,1
+sample,CCTGTGTCTTTTCCATAAGCCGGGCAGAGCCCTTGCTCCTC,1
-sample,AGTCCCTCGAGTAGCTGGGACTGTTAGTGGCAGAATATGTC,0
+sample,GCAGGAAGCTTGGGCAGCCACGGCACGTGGATGTGATTGTT,1
+sample,CTCACGGACTCAGGCCTGCACGATTAAAGAACAGACCTTTA,1
-sample,TGCTACAGAAAGGATTAAAGCCAAGTCTATCCAAATCCACT,0
-sample,CAGAAGGAGAGAAAGGAGATCATGAATCAGTGTATATATTT,0
+sample,TGCTTTTTACCTCGGCTCCACGCCTGCCCTCAAGCTCTGGC,1
-sample,TGTGGCTGCTACCAGAATGGCTCTTGATGATCTCTACCTCT,0
+sample,AGAGGAAAGGGGAGGGGAGGCGGAGGGGGAGAGGAAGGCAA,1
+sample,GCCGTCGGTGATGACCACGGCGAAGTGGACGGTGCCCTTGC,1
-sample,AGATGCAAAGATGAATGAGACATCATCTCTGCCGTCCAAAA,0
-sample,CTTCTGCACAGCAAGAGAAACGTTTGACAGAGAATACAGAC,0
-sample,AGGAACTGGGCCAAAAAAGGCTGTTGTGAGGCAGCAGTTGT,0
-sample,TCCCCATTGCTTGTTTTTGTCAGGTTTGTCAAAGATCAGAT,0
-sample,AAGGGGAGTGGGGAGGAGGCCTCGCCTTGAACATCCTTGTT,0
+sample,ACTCTCCCTTCTTATAGGGCCGGGAGGAAAGCATCCTTGCC,1
-sample,CTTTTCTCCTTCTGCTATTGCTGCTCATTCATTCCAGTTTT,0
+sample,GAGATTGCGCCACTGCAGTCCGCAGTCCAGCCTGGGCGACA,1
+sample,TCCTCACTTCCCAGACGGGGCGGCCGGGTGGATGGGCAGGG,1
+sample,CCAGTTATACATGGAGCCATCGAAGAGAGATTTCAGCACTC,1
+sample,GGAGGGGGTTTTAGAGCTGCCGCCTCTGCTCCCTCTAACCT,1
+sample,GGAACATCCTACTCTGTCTACGGAGTAGCTGTCTTTTTACC,1
-sample,GAGAGGCGTGGCTGGAGGGGCCGGAGACCTCTCTAAGGAGG,0
+sample,TTGTTATAAGAGAATGAGGACGTAGAAAGCCTTTCATCCAT,1
-sample,AATCCTCAATAAAATACTGGCAAACCAAATCCAGCAGCATA,0
-sample,GGCTCTGCATCTTACCGAAGCCGCTCTACGGGTGCCAGGCA,0
+sample,GAGGTGTGGAGGGAGAGGCACGGGCGGGAGCTGGGGCTGCG,1
-sample,TGTGTGTTATAATTCCATGACAACTGTATTTCTCTATGGAA,0
-sample,ATACAGGATATGAAATAGAACATTTGCCGGCCATGGTGGCT,0
+sample,TGTGGGGCATGAATCAGACACGGGCCCTCTGGGAATAATTA,1
-sample,GGCCAGGATTTAAACAGCCACAGCTGGTCCCTCATGCACTG,0
-sample,GTCTGTGGGTCAGATGGAGTCACATACGGCAACGAGTGTCA,0
-sample,GTTCACAGTTGACAAGATTACATTTCAGGTTAAACTGGTAA,0
-sample,GGCTTCTCTCCTGCTGATTTCGACGTTCTCTGTCTTTTGGA,0
-sample,GAGAGGGGCCTGCCCTGTGGCTGCGGAGCACGTGTGTGTAT,0
+sample,CCCGTCTGGGAGGTGAGGAGCGTCTCTGCCCGGCTGCCCCG,1
-sample,GGCTTCTCTTTGTACTCTTTCTCTAGCTTTTGAATTATTTA,0
-sample,TGATTTATCAAGTTGTAAATCTTCACCTGTTGAATTCATAA,0
+sample,AGCTCACTGTGGTTTTCTAACGGCCGCAAGAGAAAGGGGGA,1
-sample,CAGGTAACTCATCCTCTAGTCCTCTGTAAGCTCCTAGAAGG,0
-sample,GCACCCAGGGCTGGCCAGGACCACACCTCCTTCCTCCGGCT,0
+sample,GGCCTTTCTCCTTAATTAGACGACCTCCCCACTCAGTCCCC,1
-sample,GCCTTCGTGGCCATGAGCCGCATGCGCCAGCGCGGCCTCCT,0
-sample,ACTATAATAAAAATAAATTGCAGACCAATACTCCTGATGAA,0
-sample,TCAAGTAAAACCACTTCCCCCAGGTAATATAGTTTTCCTTT,0
-sample,CAGCCTTACTTTAGAAATTTCTTTTTTAGAAAATTGAACAA,0
+sample,CTTTGGGGGGCCGAGGCAGGCGGATCATTTGAGGTCAGGAG,1
+sample,ATGTTTTCACCCCTGCACGTCGTCCAAACTTCCTCCTGCGT,1
-sample,GAATGACTAAAGATGGATTACTCATAACAGAGATAACGGTC,0
+sample,CCCCGCCCGGCCGGCCACCCCGTCCGGGAGGTGAGGGGCGC,1
-sample,GGGGGCTGCCACCCGAGGCTCTGGCGTGGGCGAGTGCGGGG,0
-sample,CAGGAAATCTACAATCATGGCGGAAGACAAAGAGGAAGCAA,0
-sample,TTTCTGAAGTTGCTTATTAGCTTAAGAAGATTTTGGGCTGA,0
-sample,CTGGCAAGGTGGGGAATGTTCTCTTAACCTGCAGCTTTCTC,0
+sample,CACTGCCCCCGAGCCACCGCCGTCTCCAGCAGCTGCAGGGC,1
-sample,CCCTGGACAACGAGGGCAGGCACCACGGACCCTGCTCAGAA,0
+sample,TTTTTTTGGAGACAGAGTTTCGCTCTGCCACCCAGGGTGCA,1
-sample,CAGGCGGGAGCGCACGTCGGCCGGGACGCCCTCGCAGCCGG,0
+sample,ACAGCTCCCAGCGTGAGCGACGCAGAAGACGGGTGATTTCT,1
-sample,ATGGGGGAAAAGTACAAATTCAACATGTAATTGTATAGTAA,0
+sample,CCAGGCGGGCCTGTCTCAGGCGAGCCCAGGAGTCAGCAAAA,1
-sample,TAGTTGGCCACCTTGCACTCCCGGAGGAACGACTTCAGCTG,0
+sample,AGGGCTGGGCAGAGCCCCAGCGCCATGCAGCCCACAGCAGG,1
+sample,TGTGTGTGTGTGTGCGCGCGCGCGCGATGTGCACATACATG,1
+sample,AGCGGCACCAGGGAGGACACCGGGGGCGAGGGGAGGGTCTT,1
+sample,TCATCTTACTTCAACTGCAACGGCCCTTTGTTATTTCTCAA,1
+sample,TGAATTCCGGCTCCAGACCACGGTCATCCTAGCTCTATGAC,1
-sample,AAGCAGATCCAGAAACCTTTCTTGTCTAACAGGAGAGCGCC,0
-sample,TGATCATGACTCACTGCAGTCTCAGCCTCCCTGGGCTCAAG,0
-sample,AGTCAGTCCTGTGGAATCCACATATAACACAAATGGGAAAA,0
-sample,GTGTTGTTCCCCTCCATGTACCCACGTGTTTGTCCTGATGG,0
+sample,ATCCATTGTGTCTTTGTTAACGTGCTTCTTTTTAGTATTCA,1
-sample,ATGAAAAAAAATGGGCAAGACTAAAACTTTTAAAAAAGTTT,0
+sample,AAGGCACAGGTCAGGGGCAGCGGGCAGGTGGGGAGCGTCAG,1
-sample,AGGCCAACCATTGTCTCTCCCCCCATCCGGCAGCCCCAGCC,0
-sample,TTAAATTACTAAACCCAAAACAACATGTTGTCTTTATCTTT,0
-sample,CTACGTAGCGGCCCAGGGAGCCTGCCGAGGTGAGCCGGCTG,0
-sample,CAATTTCAGCTCAGATTTACCTTTTCCTGGATACAGGTCTT,0
+sample,AGACATCAAAGCCAGCCAGCCGAGACAGGAGGAAGTGACTA,1
-sample,CTAGGGGCCGTCGGCCCCTGCAGACCCTGTGCCCAGCCCAG,0
-sample,AGAAATCATGGCAATCCATTCCCACAAGCACACAGCACAGC,0
-sample,GCTTCCGCCTGCAGCCCAAACTCCCAGGCGCCCGGCAAGAG,0
+sample,AACCATGGGGGTCAGGGAGCCGGCCCTCTGAGCAGGGCTGT,1
+sample,CAGTCTCTCATCCCACCCGACGAGAAACACCCACAGGTGTG,1
-sample,TAAGCCTTCCCGGGTAAAGCCTGTCAATTTTTTAAAATAAT,0
+sample,CTTCCTCCTCAGTCCCCCGACGTCCTGATTTTTTGTGTATT,1
+sample,CGCTCTGCTTGGGAGAAACCCGAGAGGCCGATGACTGAGAT,1
+sample,CCTGCGCGCTGGCCGCGGGCCGAGCAGAGGCGCGCCCACCT,1
-sample,ACCGCGGCGAGTGGCTCACGCCCAACGAGTTCCAGTTCGTC,0
-sample,CCCCGGGGTCACCGTCCCCTCCCCGCCCCGATGCTCTGACC,0
+sample,GGCTGGGGCTCACTGAGCAGCGAGCTGCACCAGGGGTGCCG,1
+sample,CGGCATCCCTCTTCTCTCCACGTATCCGTCTCTCTCACTCA,1
+sample,GGACATGAAATTATATTCCACGTATGATCAAAACTATCTAA,1
+sample,AATGCCCTTTCTTCATGTGGCGGCAAGACGATGGCCAAACT,1
-sample,CGCCGCTTCTCCATGACCGGCTTGGAGGACTGCGGGTCGGG,0
-sample,TTCAACCTCATGTTAAATTTCACATGTGAAGAAAACAGTCA,0
-sample,ACTCCCCCACACCCCACACTCGCCCACACTCGCCCACACTC,0
+sample,CTCCCGCACACGCAACCTGCCGCACCTTTCCTTTCTTTAGA,1
+sample,AGCTCCGCCTCCTGGGTTCACGCCATTCTCCTGCCTCAGCC,1
+sample,GGCAGCGGAAGGAACAACAACGTATAGGGTTGTGCATGCAC,1
+sample,CCCCGCCCACCCAAGGCCCCCGACAGCAGCTTCAGTAGCTG,1
+sample,AGAAAGGTCATTTCCAGGAGCGAGAGCAATGCAGATTGCAA,1
+sample,ACTTCTACACCCCGCGGACTCGTAGCAGCAACGGCTCAGAC,1
+sample,TTCCCCCTTTCCTTCAGTGCCGCCCATTCCCCGCTCAAAAA,1
-sample,CCTTCCTGGTGGGAGGGTGGCTGTAGGATGAGGAATAGTCA,0
-sample,GGCGGGGGCTTCACCTGCAGCTGCCCGGCAGGCAGGGGAGG,0
+sample,ATCAGCAGGAATAAGAATAACGAGGCAAAATAAAAATTTTA,1
-sample,TTCCGAGGATATCTGGGCTGCCTCCGGAGTCGCAGTGTCTT,0
+sample,CCACACCCCTGTGACAGATGCGGAAACTCAGAGAAGCCACC,1
+sample,TCTCTGCCCCCTTCTCCCATCGGGCCCTGTCGCTTTGAAAG,1
-sample,CGAGGTGGGGATGCCAAGGTCCCATGCCGCAAAGATGGGTG,0
+sample,TAGGGGTGAGAGGTGCTGCACGAGTGTTTAAAAGGTGGAGA,1
+sample,CCTCCTCCCAGCACAGGGGACGGACAGGTGTCCCCGCAGGA,1
-sample,GTTGGGATTACTAGCATATGCCACCATGTCCACCTTTATGC,0
+sample,CTAATACGGCCTGGGGGGTGCGGGGCGGGCCAGGGGACCCA,1
+sample,GTTGTTTGGTGGCATCTCCTCGCCAGGCGAGGCTCCTCCCA,1
+sample,AAGATGGGATCTAATATGCACGATCACCAGCTCAAACTCAT,1
-sample,CCCCGTCACTGCTCCAGAACCCCTGGCAGCCACAGAGCTCA,0
-sample,ATTAAATTTTTTTTTTAGGGCTGGACTCTTGGTCTGTCGTC,0
-sample,AGCCAGCTGCAGCCTTCAGGCCTATGGCCAAGCTGACCACT,0
-sample,AGCTGTGCTGGACGCTGCAGCAGCGCGGGAAGGGGCTCCCC,0
-sample,AAATCTTCTTCAAAGCATTTCTCGAGTCACTCTTAAAAAGC,0
+sample,TACTGAGGCTTTCTTTACTACGTAACATAATGGCTCCTGAT,1
+sample,AAACACACAGGAACCGGGGGCGGGCAGGCGGGCAGGGGGGT,1
+sample,AGTGGGTGGGAGTTGGGGGGCGGGGGCGATGAGTCTCTGAA,1
-sample,CAGTTGTCATGGAATTATAACACACACACAAACACTAGGTT,0
-sample,CTGGATAAGAGGTACCTGGGCTCTCCACTTACAAGAAGAGA,0
+sample,GTGGTGCCACATTCAGAGGGCGGAAATACTGGCGCCCTGCA,1
-sample,CCGGGAACGCACCTGCACTCCAGCCTGGGCAACAGAGCGAG,0
-sample,ACAGGCCTGTGGCCCACTCACCCCTGGACCTGCTCTGGGAG,0
-sample,TTAGCTCTTATGTCTGTCATCCATTCTGTTTTGTTTTGCTT,0
+sample,TCTGGAGAGACTGAAAACTTCGACAATACACTAACAATTGA,1
+sample,CACCTCCCTCCTGGACGGGGCGGCTGGCCGGGCAGAGGGGC,1
+sample,ACAGGTAGGAATAGCTGTTGCGGCTAGGTTGTAAGATAAGG,1
-sample,GGAAGGTGCGTGGTGGGGGGCTCGTGTGGGGGCCTGTGGGG,0
+sample,CTCTCCCTGTTTTTGTTATACGATGAACCATTCTACTTGCA,1
-sample,AACTCCTGGGCCCTAGTGATCCTCCTCTTTCAGCCTCCTGA,0
+sample,CTGGAATCCAGGGGGATTAACGGCGGAGAAAAGGGAACAGC,1
+sample,TTTTAAACAACCAGATCTCACGAGAGCTCATTATCATGAGA,1
-sample,GTGGACATGGCAGGCAGGTGCCACATGAACTTGGGGATGCC,0
-sample,GTCCTGCTTTGTTGCCAAGGCTGGTTTTGAAGTCCTGGCTT,0
-sample,GTGACTCACAGCCCTGCTTCCACGGGGGGACCTGCCAGGAC,0
-sample,CCCGCTCGCTGTCAGTCACGCCTCGGCTCCGGGCGCGGCCT,0
-sample,GGGTGCGGGAGGAGATGCCCCGGGCAGGGGCTTGGCGGGGT,0
-sample,ACCTCAGAGAGAAAGCGGAGCTCGCCTGGTTAATGACAGCC,0
+sample,AAAATGAGAAAATTAGAAAACGTTCCAATTTTTCATTCCCT,1
+sample,GGGAAGAAGAAGGAACTGAACGAATCATTCGTTTCCTTAGG,1
-sample,AAACTGACATGGAAGGAAAGCAAAACCAGGCCCTGAGGACA,0
+sample,TTTTTTGAGACAGGGTCTCCCGGGCTGGAGTGCAGTGATGG,1
+sample,CCCTCCCTCCTTCTCCACAGCGTAAGTGTCTCCCCTTGCTC,1
-sample,CACAGATGCCCACCCCTGCCCAGATGGGACTCTGTCTGGGG,0
+sample,CTGGGAGGGAGAATTTGACCCGGAGCTTACATTCACCATCT,1
+sample,CCTGCAGCCCATAAGCGCTTCGGAGGGGTGCAGTTGCTATG,1
+sample,CGGCTCGCGTGAAGGGAGGGCGCTTCCAGGATGTGTAGAAG,1
-sample,AGGGTTTAATAAGATAATCACAAGGTATGGAATATTCAACA,0
-sample,CAGTGCACATCCTGTCTGCACCGGTGTCTATAGTGAAGCCA,0
+sample,CCCGCTCCGGGTAGAGGGGGCGGAGGAGGTATGCCCACTCC,1
-sample,ACACCAATCCTTCTCAAACGCTTCCAGAAACATGAAGAAGA,0
-sample,TCCATGTCAGAGCAACGGCCCAAGTCTGGGTCTGGGGGGGA,0
+sample,TCAGCGGGGCCATTGGGGGGCGGGGAGGGAGGTGCTGAACA,1
+sample,GGTCCTCTGAGTACAGCTGCCGGTGCCCACCTCTGAGGCAG,1
+sample,CATACCTGCTTTGGACCCATCGAGGTCACTATTTCGCCACC,1
-sample,CTGACCAAGAGGCTCCTTTTCTTGATGAAAGGAGTAGTGAA,0
+sample,CCCCATCGTGGGGCTCTGTGCGAGCTCAGAGTTGTGCTTAC,1
+sample,TGGCCACCCTTTGGCCCATACGGTCTCTCCTGCCTCCAATC,1
-sample,TTTCTCCCAAGGCCTGGAGTCAACATGGGGAGAGGCTTGGA,0
-sample,TACAGGTTCCAGCAGGATAACTGGGTGGAAATGAGTTTGGT,0
+sample,TTCCGCGGAACTCCGCCTGGCGGTCTGGGGAGGGGAAGGAG,1
-sample,AATAAGGTTTTCTAGTCAGGCAAAAGATTCCCTGGAGCTTA,0
-sample,TAGAAGGAGACAAGGGTCTGCTTGAGAAGGCAGTGAACAGC,0
+sample,CCGGCCTTCTCTGTGCAGGGCGAGGTCTGGGCCAGGAGGCT,1
+sample,AAGGAGAAATTTACCTTTAGCGTATTATGTCAAAATATAAT,1
+sample,ACCCAGCCTCCCACTTCACACGGAGAGGAGGAACATCAGGA,1
+sample,GTGGGTGGGGGTGGCGCCTCCGGCATGTTTGTATATTCCTC,1
-sample,AATCCGGTGATGGGCAGCTTCCCGATACGATCTCAGGAACT,0
-sample,TCCATCAGCCTTGTGACCTTCAAGTTCATTTTCCACATGGA,0
-sample,CTGGGCGATAAGAGTGAAAACTCCATCTCAAAAAAAAAAAA,0
-sample,TGGATTGGCCTAGGTGGGATCTCTGAGCTCAACAAGCCCTC,0
-sample,CATCAAGGATCTGCCTATATCAACAAAGGAGCCAAGGACCA,0
-sample,ACTGGAAGTGCTGCACCGTACGCTGTGGCTCCTCCCCGCGG,0
+sample,ACTCAGGAGGCTGAGGCACCCGGCTCAGGGGGATCACCTGA,1
+sample,GCCACTCCCTTCCCGCGCCCCGCAAATGCTGTGCTCACCCC,1
+sample,TTAGTACTGTCAGAGAATAACGGCTCAGTAAAGCCTCAGTT,1
-sample,AATAAACAGATGCTTGAATTCCCACAGTGCTGCTTGAGCCT,0
-sample,TTCAAATAACTTATTTATTTCTGCCTTAATATCTTTATTTA,0
+sample,GAGCCCTGCCTCTGCCCCTTCGAACACAGTTGCTGAGGGAG,1
-sample,AACAGTTCCATCTAATTTGCCAGGTCATTATTTTATAATGT,0
+sample,GGCCTTCAGAGACCTTCGCACGTTTCTGCAAGTCCCAGGAA,1
-sample,GGCCGTAACGAGCTGCGCATCGACCGCCCGCGGGGCCGGCA,0
-sample,CCCGGCGGGGAGGAGCGGGGCTGGGAGGGGCCTGGGGGGCG,0
-sample,CTCCAGCCAAGCTCTGAGGGCCCACCTCCTGCCTCCTGGTG,0
-sample,GAACTGGCAGCTTCTGGCGTCTTCGGTCGACGGCGGCACCT,0
+sample,ATAAATTGTTTGAACACTTGCGTATCACATAATACAAGTTT,1
-sample,TAGTTTCATATTTTGGATTGCGATTGTTTTATTTTAAAATG,0
-sample,ATTTCTTTATTGTAATTTATCATTTTCTACTTTTTTGTTTT,0
-sample,GTAAAATTACTCATCCTCAGCCAGTGATAAATGGCATCAGT,0
+sample,GATGACCACACTGGTTTCCACGAGTGAGAACCATAGGCTGC,1
+sample,GAGGGAGGAAGGGAGGGGGGCGGGCAGGTGGGCAGGCAAGA,1
+sample,CTTCTGGTGTGACTCCTGGACGTCTAAAGGGCTCCTGACCA,1
+sample,TGGGATGTGGCGGCGGGGGCCGGGGGGGGCGGTGTTCCAGG,1
-sample,CGTGCGTCCGCAGGACAAAGCAGCCTTTGGAGCCCTGGAAC,0
-sample,GCTCCAGCTGGAGGGGCCGGCGCCGAGGGGAAGGGGCTTTT,0
+sample,GAGGGAAGGAGACAGAAGAGCGTGGGGTGGGGGTAGCCCAG,1
+sample,GGCCCGATGGCCCTCCACGACGGTAGAATGCCCCTGCCGCA,1
+sample,AGGCCCCCAGGGCCCTCCAGCGAGCATTTTTACAAATGACA,1
+sample,TTTCCCAGAACTCAGTCTCACGGATCCCATGCTCTGCCTGA,1
-sample,CCAGTGAGATGAACCAGGTACCTCAGTTGGAAATGCAGAAA,0
-sample,TAGGGGTTAAAAATGGGTCACACACGAGCAGCATGCACTTC,0
-sample,TCTTATTCCTTCTATCAAACCACGTATTTGTACCCTTCAAT,0
+sample,CAACGTGCTGACCGAGGTGGCGGACACAGGAAACCAGCCCA,1
+sample,GGAGGTGAGCAGCGGGCTAGCGAGCATTAACGCCTGAGCTC,1
+sample,GAGGACACCAACCCATCAGGCGTGCTCTCATTTAGTTTTCT,1
-sample,AAGCCTGGCCCAGAGCCCCACGCCCCCCGCCCACGTGGCTC,0
+sample,GGTCCTCAATAATTTTTAAGCGTAATTATCCCCAATCATAA,1
+sample,CCCTCATAGGATTGCTGCAACGAGAACAAGGGCAGAGGGTG,1
-sample,CCAGAGCCTGAGAGCTTTCTCCTGCCCACAGGCTAGGGGTA,0
-sample,GGTCACCTCTGGATTTGAGCCTCAGAGGCACGTGGTGACCG,0
-sample,GGCAGGACCCCCAGCCCACGCCCAGGGCCCGCCCCTGCCCT,0
+sample,TGTCACTGTGGCCTGAGGGACGCTCCAGAGCCCAGCACACA,1
-sample,TTGTTCCCCCTGCAGGAAAACCTTTGTTCTCCACTCAGTTA,0
-sample,ATGCCCTGCCCTCTTGGGACCCACAGCCCGGGTGACTTTGT,0
+sample,CTCACCATATGGGCGCAGGGCGGCTGCGGGGGGAGGAGCTG,1
-sample,CTGTTCGAGCAGAGGGGAAACCTCTGCAAATTTCACTCTGT,0
-sample,TAATAATAAAATTTAATTGGCAAAATGAAGGTATGGCTTAT,0
+sample,GAAGACCGCCCTGCCAAGTGCGGCTGCCCCTGCCAGAGGCT,1
-sample,AAAAAATGTTTTAAAATAAACAATTCAGTTTTTTATTAATA,0
+sample,GACTGTTGTGGGGTGAGGGGCGGGGAGAGGGATAGCCTTAG,1
+sample,ACGTGCAGGTTTGTTACATACGTATACATGTGCCATGTTGG,1
-sample,CTGGGACTCCTCTGCCAGAGCCTGAGAGCTTTCTCCTGCCC,0
-sample,GCTGGTGGACAAGGGCATGACAGCCACGCCAGGGTGCTAGC,0
+sample,CTGTCTCCCCTCCTCATCTGCGGTGTTCACTTTCCCTCCAC,1
-sample,TTTGTTTTCTTCCAGATAAACCCGGGACCCACTTCACTCCA,0
-sample,GGCCAAGAGTTAGAGATCAGCCTGGGGAAAATAGGAAGATC,0
+sample,TTTCTTGTTTCTCTTTTCTGCGTTTCAATCGAATGCACCAC,1
+sample,CCTCTTCTCTTCCCATCTGCCGGCCCTTAGCACACACCACA,1
-sample,CACAGCTGCCGTCTGCCGTCCCCAGCTTCCATCGGCTCCTC,0
+sample,ACACGGGTGGCTGGAAGCAACGGGAATGTGGTCACTCAGGG,1
-sample,GCACACCTGCGCACACGCCACACACACCTGCGCACACTCCT,0
+sample,CATTTCCTTGAAAATATCTACGCTGACAATTCATTAATATG,1
-sample,AGGTCTCTTTTATTAAAAAACAATCTGAGGCTCCGGGTGCA,0
-sample,ACTCTGTTTCTTGGAGATTTCTCCTGAAAAAGTCACATGTT,0
+sample,AGAGAAGGCATTTGGGGAAACGGGCATGGCTACAGCTGTTG,1
-sample,TTAAAATAATTTAAAAATGACCAAGTATTTGATTATATCAA,0
-sample,ATTTTATGCCTCCAACAAGACATCTGGCTCAAACTCAACTT,0
+sample,GGGAACTCCCTGACCCCTTGCGCTTCCCAGGTGAGGCAATG,1
+sample,ATTACAGGCGTGAGCCACGACGCCCAGCCTAGGAATTTAGG,1
-sample,TCATTCATTAATACATTTGACATTTATAATGTGTGCCAACA,0
-sample,CCCTCCCGGGCCCCTGTGAGCATCTTACCGGACAGTGCTGG,0
+sample,CCCCCCATCTTTCTCTCTCTCGCACACACTTTCTACTAGTA,1
+sample,GAGAGAGAGAGAGAGGAAGGCGTGGAGGGAGCAAGGAGGGG,1
-sample,CGGTGGGCAATGGGGTGGGGCCATGGCCGCCCTTCCCTCCA,0
-sample,AATAGACAATAATAAAAGAGCACTGAATAATGACAGTGAGT,0
+sample,CCTTGACCACCACCTTAGGGCGGCCTCACGTCCCTTCCACC,1
+sample,CACTAACATTAGACCTCTGACGGCTGGCACAGAAGGCTGTG,1
-sample,AAAAGAGACAGAGGCACTTTCTGTGTCCAGAGGGGCTTTTA,0
-sample,TGTTAGGAGAATTTTCTCCTCATAATTACCATCTTACTATC,0
-sample,CTGCTACGAACATTTGTGTACAAGTGTTTGTACTGTGAAAG,0
-sample,ACCGCGTCAACCCCTCTGTGCTCACACCAGGAGTGATCAGC,0
-sample,GCTCTATTGTCCTCCCTTCTCCCTGTTCAGCAAGGGGTGGG,0
+sample,ACCTGGCTGAGAGGGTCCTACGCCCACGGAATCTCGCTGAT,1
-sample,GAGCAAAACGAAATAGAAAACACAAGAAGGTGAAATGTAAC,0
+sample,AGACGAGCGAGGCAGTTGGTCGGGGAGGTTCAGAGTCCAGG,1
-sample,GGACGGAGCTGGGGCTGTGGCCGCGCGGGAAGTCGGGAAGG,0
+sample,GACTTTAATTATTTTTTAGACGTGATGTCATTTTAATTCTA,1
-sample,TGAACCAGTGAGCTGTGTGGCTTTGTGCATGCTATTTAGAC,0
+sample,GCAAACCACAGCCGCGCTCACGCCTCCCCTTCTCTCTGGGG,1
+sample,CTGGGAGGATGGACTCAGCACGTGGGGACGCAGGGGCTGGC,1
-sample,CGCCGCAGCTCCCGGGGGGTCCGGCCCGGCCGAGCCTCGGT,0
+sample,GGAAGACCGATCAGTGGGGGCGATGGCGGGGAGGGGGATGC,1
-sample,TTCACTTTTCCCCATTCCCACATATGGCACAATCAGGAGCC,0
-sample,AGGCCCTGGGTCTCTCCAAGCAGCTGCAGACCCCAGCTCGA,0
-sample,TGATTTATAATTTGTTTTAACCTTAGGTTATATATACCTTG,0
-sample,CTGGGCATGGCTCAGGTGGGCATCTCAGCTGACCTGGGACC,0
+sample,ATCACGCTTCTCCCTGCAGACGCACAGCCCCAGGAGACAGT,1
-sample,AATATAATTTAAAAAAAAATCTCAAACAACTCACTGAAGTG,0
-sample,GCACTGTCCCCAGAAGTGCCCGCTGCCTCCCCGAGCGGAGA,0
+sample,ATGAGGTCAGGAGCTCAAGACGAGCCTGGCCAAGATGGTGA,1
+sample,CCACTTAAATCCTGAAAATACGTTAGCATTCCTTTCAAGCC,1
+sample,GCCCCGCCCCGCGGCCACCTCGGCCTCCGCTCTGCGCCTGC,1
+sample,TTTAATAAAAATTTAATGTACGTTTATTTTCAAGTCATATT,1
-sample,CCCTCCCCTTCCTGGCCTGGCTGTGCACTCCCCATGTGCAT,0
-sample,TGCCACCTGCTGTTGGGGGCCACTGCAGAAGAAATTCCAGA,0
+sample,GAGGAGGGAATATGAGCTGCCGCAGGAGCTGGTCAGGAAGG,1
+sample,ATCCACTCAGAATATTCTTACGTGGAGCTCTCCCTGAGTCC,1
-sample,ACAGAGCCAACCTGCTGCTTCCTGGGGGGAGACAGTCCCTC,0
+sample,TCTTCCCCAGTATCCGGTGCCGGTGCAGTCGCAGATGAAGC,1
+sample,AACCTGCTTGAGTAGTATTACGTGCTGTGGAAGTTTTGTTC,1
+sample,GGAGCACAGAGGAGGCTGATCGCAGGTGCTGCAACTGCCAT,1
-sample,ACCCCCCTGGATAAGTGTTACTAATTAATGATGATTGTTTT,0
-sample,GTGTCTTGAGTATTGTGAAACACAGTTAGAGCAGAAACATG,0
-sample,TGACTGCTCAGACCAGCCGGCTGGAGGGAGGGGCTCAGCAG,0
+sample,GGAGAGAGAGAGAGAGAAAGCGGGGAGGCCGTGTAGGGAGT,1
-sample,TCTTTAAAAAAGTAATAATGCATTTGCTTATTTTAGAGACA,0
+sample,GTGTCCTCTATGTCAGCTTGCGAGTGCTGGGAACATCCAGT,1
-sample,ATCATATTAACAAATAATAACACTGTAAAATGCTGATGTGT,0
-sample,ATCTTCATAGCAGCATTATTCATAATGACCAATACATGGAA,0
+sample,AAATAAGAGTCTGTGAAATACACTTTCATATGGAGTCATTT,1
+sample,TTCCAGCCTGGCAAGCATGGCGTGTTGTAGGGGAAGGACAT,1
+sample,GTGCACCCCATTCCCAGCAGCGCAATTCACAATCAGCGGCC,1
+sample,CAGGTTGGAGTGCAGTGGCACGATCTCTGCTCACTGCAAGC,1
+sample,TTGGGGCTGACTCAAAGCTACGAGTGGTGCCTGACTCACTC,1
-sample,TAATAGGAAAATGGGCAAAACAGTTAAACTTACAGTTCATA,0
+sample,AAAGCGAATAGGAGAAATAGCGCTCAGTTCTTTTTCTCAGC,1
-sample,AGTCACGGACCCATGGGGTCCTGGCTGACTTTGCCTGCGGC,0
+sample,CGGGAGCAGCTGCTCCGAGACGAGTGTTTTGGGAAGAGCTG,1
-sample,TATGTTACACAGCACAATTACATAGGAAGGGGGAATTAAGA,0
-sample,CCGGGTCTCTCTCGGGGGATCCTGCAGAACCAAGCCTCATC,0
-sample,GGACATAATCTTTGAATTTGCTTTGTTTCTCGATGAATAAC,0
-sample,TGAGCCATTCAATCCTGGGTCTTTCTTTTATGAGAGACCTT,0
+sample,GATTCATGAGAAAGAGCCTGCGCCTGTGTGGGTTCCCAGGG,1
+sample,CTCCCCACAGGAGGATGACACGATCCTGCCTATTTTCCTGT,1
+sample,CCTTTATTTCTCAAGCCGGCCGACGCTTAGGGAAAATAGAA,1
-sample,AAAATTTTTTTAAATGAAAACTATAGCCATTGTGAGTTATC,0
-sample,TCCAGGCTTGGTTCAGATAACTGTCAGCCCAGTTTTCAAGA,0
-sample,GACACAAAGGTTCTCCACGTCCCCACCAGATTAGTTAGATA,0
-sample,CCCACCCAGCCTATCAAAGTCAAGCACTGATATCGGCATTG,0
+sample,GGGGCAGTGGCTTGCCCAGGCGGCGGTACAGAGCTTCGATC,1
-sample,ACATGGCAAAACCCCACCTCCAGTAAAAATACAAAAAATTA,0
-sample,TGTACAATATTCCCACTTTGCTGACATAAGTTATGGAAATT,0
+sample,GTGCCCTGCTGAGCCCTGGGCGGGGAGGTGGCTGTGTCCCC,1
-sample,CTCTGGAGGAGGTGGGGAAGCCCGTCCAGGTGCGGACATCA,0
+sample,GGAGAAGCTGGAGGTGCCTCCGTAGAGTGTTCCCGGGAAAT,1
-sample,GGCCTTTGAGCCTTAAGATGCAGGAGATCCCTGTGGGGAAC,0
+sample,CCTGAGTCCGTCCAAAGACACGACGCCAGGTCCAGCCCAGG,1
-sample,GATGCTTGCAGTAACCGCATCCTCCTGTGAATCTGGGTCTA,0
+sample,TGCTGGCTTTTTCCCCTGCGCGCTGGCCGCGGGCCGAGCAG,1
-sample,CCTAACGCCCTCACCAGAAGCAAATGGTGGCACCATGCTTC,0
-sample,CAGAGTCGGGCAGAACGGAACCAACAGTCCTGGCAGGCCCA,0
-sample,GGCCTGGAGGGCATCCTGCTCCCCCTCCCGGAGCCGCTGTG,0
-sample,CCGTTCTCACAGGTTGTGGTCCTCACATTTGGCTCAAAATA,0
-sample,CTAAGGACCTGGAAAAAAGGCTAGACCAATTGCTAACTAGA,0
-sample,GAGCCACTGAGCCCTGCCTTCCTAGGGAATCTTGTAGGAAA,0
+sample,TCCTGGGAGGCAGTCAGTGCCGTCTCCCTGCGTCACTGGCA,1
+sample,TCCTACGTGTTTATTTTCATCGCTTTAGAGAACTATAGAAA,1
+sample,TACTGCTTCCAGCCGACTTGCGAAGAGCTGCTGGAGAGCGT,1
-sample,TGGCTGACCATTGCCTTGGACCGCTCTTGGCAGTCGAAGAA,0
+sample,TTCACTCTCACTTTCACTCTCGGGTCCACTAGACTGGGTCC,1
-sample,CCCGCGGGGGAGGGGCGCGGCCTGCGGAGCGGGATCGGGGC,0
-sample,TTGCTGAAGGAGCAAGAGTACCAGGGGCGTCAGGGGAGCTG,0
+sample,GTATTGAGTTAATGGAGCTACGGAGGATTAAATAGAACAAT,1
-sample,CAGGCCTGGACCCCTCTGTGCTCGGGAGAGGGGAGCCCCCA,0
+sample,TTATTTTTAAGAGCTTGTTACGAGGATCTTTTTATAAACTT,1
-sample,AATAATAGAGATTTTGTATACTATTGAAGTTGTTTCAATTT,0
+sample,TCCCCGCCTCTCCTCCCGGGCGCACCTGCAGCAGCTGGGCA,1
-sample,ATCCCCAGGAAGGGTCTGAACCCCTCTGGAGCTCCAAAGGA,0
+sample,CTGGGCCTCTCACCCTGCCTCGGCGTCCTGGACATACCTGC,1
+sample,CTGGAGGGTAGGTTCAAGGCCGTTGCCTTCACACACTTGGG,1
-sample,AACAGAAACGACATTTACTCCCCTAAGGGCCACACGGGCTG,0
+sample,GGAGCCATGGCGCTGATCAACGTCTCCCATCGTTCCTCCTC,1
-sample,GGGCACTGATGAGACAGCGGCTGTTTGAGGAGCCACCTCCC,0
+sample,GTTGTCCAGGCTGCTGTTGACGTGATACTTCCGCCTGGGCC,1
-sample,CCTGGCCAGCATAGCCTCTACGACTCTGCAGAGACCCCCCG,0
+sample,GAGGAGTGCGGGAGCGCGCGCGCGCGCGCGTGGGACTGGCG,1
+sample,CTTCCTGCCCGACCAGGCCGCGGGGCTGTGCGGAGGCGACG,1
-sample,GGGGACTCCGTGGGGGGAGGCTGAGGCTATGGGGACTCCGT,0
+sample,AGGGATGGAACTAAGCTGGCCGAACTCCAAGGGAAGACTAC,1
-sample,TTTCACTTTCTCAATAGTGTCCCAGAGTTCATTTTTGTAGA,0
-sample,ATGAACAGAGAACGTGCTGACTGCGCTCGTTTGGAAAGGCC,0
-sample,GGGCTGCAGACTAGGAAGGTCCTGGGACGGGGGGGCTGTTC,0
+sample,CTCAGGCCTCCAGCACAGCCCGGAGCTGACCACCTCCCTGC,1
-sample,TATCCCGAGTAATGCTGCTGCAGTGAACTGGGACTTTTTTC,0
+sample,TTTCTTGTAAAATTAAGTGCCGCCTTGAATCTGAATAAAAA,1
-sample,GGTCTCCTGAATACAGAACACTGATGGGTCTTGACTCTTTA,0
-sample,CATGTGTGTGCACGTGCCTGCAGCCTCAGATGTACCAGCCT,0
+sample,GTGTGAGCAGAGCCGGTGACCGCCCTGGGGTGAAAGCAGAT,1
-sample,TTTCCCAGGCTGCTCTCAAACTCCTGACCTCAGGTGTGAGC,0
-sample,TGTATAATGATGTCAGAGTGCCCCAGAATGGAGCTAGTTGG,0
+sample,TCCTTCCCAGGCCCCAGCACCGGAGGTGGGACCAGGTGACC,1
+sample,TGTCTCCACGGGGTGGGGGGCGGAGGACAGAGAAGGGGGAC,1
+sample,GCGGGGATGGAGATGGGAGGCGGAATGGACCGGGGTGAGGG,1
-sample,AAGCATGAGCAGGGGGAGGGCAGGTGAGGAGGCCAGAGGCG,0
+sample,AGGCACCGTGCTGGTGCTGACGCAGGGACAGTCAAGCCTCC,1
+sample,GAAACTCCAGGGACAGCAGACGGCACACAGGCTGCAGAGGC,1
+sample,CATCAGTTTCCTCACTGTTGCGTGATGAAGTGAGACTGGGT,1
+sample,GCCATCCAGCCGGAGCCCTCCGGCAGCATCGTAAGGCCTTC,1
-sample,GCCTGATTCATGGCTGAAATCGTGTTTGACCAGCTATGTGT,0
-sample,AGAGGTTCTGTCAGACTGCTCTGGTGAAGGTCTTTAGCCCA,0
-sample,AGTTGCCTGATTACTATCAGCACAGGAGAAATGTATTAATG,0
-sample,AGCGAGTCCTACACTACCCGCCCCTTGGTCACTCAGTAGCC,0
+sample,TGTGCAGCAGCAACCCTCAGCGGGGAGACTGCAGAACGTGT,1
+sample,TGACCTGCTGCTTCTGTGGCCGCTTTCTGGCCCATCTGGAT,1
-sample,TTTTATTTATTTGTTTATTACTGAGTCTTAGCTATCCTTCT,0
+sample,ATCACTGTAGTGCTGCTTTCCGAAGCTCCTATCACCTGCGG,1
+sample,CTCCCTCTGCCAGGTCCTCACGGGGCTGGATCTATCCATGC,1
-sample,TTCCTCCCTCAGAACACAATCCCTAGAGACAACCTACCTCA,0
+sample,AGGCGGAGAGCGCAGGGCGCCGCGGGGCGGAAGAGGCCGCC,1
+sample,TCCTTCCAGAGAATCCCTGGCGGCATCTCACAAGCAACATA,1
-sample,AGGGGAAGAGAGGAAGTGGTCAGCTTTGCAGAGGAACACAG,0
+sample,AAGCCGAGCTGGAGACGCACCGGTGCTGTCTGGTAGGCGGT,1
-sample,AGGGACCCCAAACGGAGGGACTGGCTGAAGCCACAGCAGAA,0
-sample,CTGCCCCTGCCGGGGCCTGGCACAGGGACAGGGCAGGGGGC,0
-sample,GCTGGGACTACAGCTGCGTGCCACCACATCTGGCTCATTTT,0
-sample,CACCACAACCCTACTACTATCTCGCACCTGAAACAAGCTAA,0
+sample,ATGGAACCCTACAGGGATCCCGGTGGAGGCCAAAGTCCTTG,1
+sample,CCTCTGCTGCGCGGGTCTCCCGCATGCCGGAGCGGAAGAGG,1
+sample,CCTCTCGTCTTGGAAACACACGGTGGAGTTAGGGCAGTGCT,1
-sample,AATCCTTGCACTGTGGGGGGCCAAGGTGAGAGGATTGCTTG,0
+sample,TTGTAGGCAACAATGTCTAACGTAGAAATCTTCTCTTTTTT,1
+sample,GGGGAGGGCCAGGGAGGGAGCGAGGAAGGGAAGCTGTCTCT,1
-sample,TCGTTAAAAATTGCCATTGTCATGGAACATAATGTCTCCTA,0
-sample,CTGTAATGAGGTCTCTTGGGCAAAATTCCATACAAGCAAAT,0
-sample,TTGAGCCCAGGAAGTGGAAGCTGCAGTGAGCTCTGATCTCA,0
+sample,AGGCTTCAATGCGGAAGGGACGTGAAACCACCCACAGAAAA,1
-sample,CAGAAACTTTCCATGCCACTCTGTTGTGACATCAACAGTGC,0
+sample,AAAGGAGAAAAAAAGTATACCGTATTCACTAAAGTCTCATT,1
+sample,GGAGTTCAGGGTACCAGGACCGAGCAGCCACAGGTGAGCAG,1
+sample,TTTCTCTCTTGTAGTTGTTGCGATTCTCCAGGCCCCTGCCG,1
-sample,ATTAGACATAGCAGGTTTGACAGATGTGATGGCTTGCAGAA,0
-sample,CAACTTGATCCCTCTACCTACAAAAAAGGAAGCAAAGGAGG,0
+sample,GCGAAACTCCATCTCAACAACGACAACAACAAAAATACGTA,1
+sample,GAGGCGGAGGGGGTGGGGGGCGGGCGGCAAGAGTGGAGGGG,1
-sample,TCTTCTCTAAACTGGTTATTCTAGTTAGCAATTGGTCTAGC,0
-sample,GCAGCAATAAAGAGAGTATGCAAACAGCTAGTGATTTACAA,0
+sample,ACATCAGTAGTTGATTTTGTCGCTGTGAATTATGGAAATAT,1
-sample,AAGAAACATTTTTCCAATGTCTCACAGAACCATTAGAAACA,0
+sample,ACCAGTTGGTGAGCAGCAGGCGAATCAGTGAAACTTCATCT,1
+sample,GATTCTCCTCAGGCTTCACCCGGAGCTGTCCCCCTCCTCGG,1
-sample,GAGGTGCTGTGGGAGTGGGGCCTCAGAATGATGTCACTTGG,0
+sample,ATCCCCCTCCCCTGGACATGCGACTTCAGTCACAACAATTG,1
-sample,ATAGATTGCAAAAATTTTCACCCATTCTGTAGGTTGCCTGT,0
+sample,AGGGAGGGAGGGTAGGAAGGCGCAGGTGGAGGAAGATGAGG,1
-sample,TCAGCCCAGTGCGGCGTCCTCGGAGCAGCAGAGGCCCCGGG,0
+sample,CTCTCCCAGAGTGAGGCGCGCGCGCACGCGCGCGCGCGCGA,1
+sample,GGAAGAGGGGTTGGTGGTGGCGGTGGCCACTGCTGGTCACA,1
-sample,GCGGGCCCAGCCCTCGCCCCCCACCCCACCCCACCCCAGTC,0
-sample,AATTTTCGTATACGTGGATTCCAGAGGGGTGACAGCGAAAC,0
-sample,AATTTTTTGGTAGCAAGCAACCTAGCAAAACTAGCTGAATC,0
+sample,GTCAGGAGGGAAGGACATGACGTTGAATTATTTGATTTTTT,1
+sample,GGAAGCAGTGCTCCCGGCTCCGAGGAGGGGACTCTGCCCAC,1
-sample,CCGCATTTCCTTCCGTCACACTGACCACATTTAACTTAAAA,0
+sample,CTTCTAAAATAGACACTCTACAGCAATAAAATTGGAGCCAT,1
+sample,TCCCTTCCTTCCCTTTCTTTCGACAGTCTTGCTTTGTTGCC,1
-sample,TCTCTTAATTCCCACAAGAGCTGGTTGTTAACAAGAGCCTG,0
-sample,GGGGAGTATGGCTATTTTCACGAATTAATTCTTCCGTATCC,0
+sample,GCAGGAGGCAGAGAGGCTCCCGGGCAGAAAGGGGTGGGTAC,1
+sample,AGGCCGCTCAGGCTGGGGGGCGAGGAGGCCTCTGGGGATGT,1
+sample,TAAAAAGTTATATTCATGTCCGTGGAGACCCTTAATTCAGA,1
+sample,CATTCAAAACTAGGAACAGACGGGGGGGAGGAGTGTGTTAT,1
+sample,TGAACCCAGAGGCAGGTGCACGCGAGTGTCCTGCTGGCCCC,1
-sample,GTCAGGACCTGCCGCGGTCTCGGCTGGGCTTCCTGGGACTC,0
+sample,GTACCTGGGCCCCTTGGAGCCGAGGCTGGAGTGGGAGCAGC,1
+sample,CCCTCTTCTGATGTGACCATCGACGAGGAAATACCCCATTC,1
+sample,CAGTCAGGTGTGGCGGCGCGCGCCTGCAATCCCAGGCACTC,1
+sample,GCCATGGTTCCAGCTGGTGGCGGGCCTGGCCAATCGGGAGG,1
+sample,GCTGAGGGGTCTCGTGAGGGCGCCTGCCTGCCTGCAAGTGG,1
+sample,AGACATTCCATTCCCAGGGACGAGCAGGAGACAGAAGCCTT,1
-sample,GAGTCCTTACGTATTCTGGACGAGCTCTTCATTGAACTCTT,0
+sample,AGAGTGGCCTGTGCACTCATCGAAAGCTGCTGTCTTTCTCA,1
+sample,GCCACTCCCTCCACGCAGAGCGGCCAGGCCCAGGCGCTCAC,1
+sample,ACAGCAATTGACGCATCTCACGGCACTGCTCTCTGCTGGGC,1
+sample,GAGAGGTTAAGCGCGCGGCTCGGGTCCTGGAGGCCACCACG,1
+sample,AGTCAATTAAATCTCTTTTCCGGCTAGGCGTAGTGGCTCAC,1
-sample,TCCTTCCATTGTATATTCCTCTAGCACTACCTATTACCTCT,0
-sample,CCTGCTGTGCCCGGGGAAAACATGCAGCACAGTGCATCTCG,0
+sample,CTGCTCCCAGCACGGGCCATCGGCCTGGCAGTTTGCAGCCT,1
-sample,GCCAAACTTAAAAAAAAAAACCCAAATAGTACTTTGAACTT,0
-sample,AACTGGAAAAACAGAAGGTGCACAACGACACGATGTCCTGG,0
+sample,TTGCTGAGTTTTCTCTATGACGTTTCCTGTTCGAGTGTCCA,1
-sample,CTGATATGCATGACTGTTTTCTTCACATGTGAAATTTAACA,0
+sample,CATCCTCACTTTGTCCAGTGCGCGCAAACTGGAATTGAGCC,1
+sample,TATCTCTTCCTCCTCCTAGACGGGAGGAGTCCTAGGCTCTT,1
-sample,GAAGTTTGAGCCTGGGAGGTCAAGGCTGCAGTGAGGCATGA,0
-sample,AGGAGAAATGTATTAATGTGCCTTTCTAGTAACAGGTTTTT,0
+sample,AGGGCCAGGCTGGAAACCTCCGGCACAGTGAGCAGGGTGCT,1
-sample,AAACAGAGATCAAGAGGAAGCTCTATCCTGCAGCTCCGGAA,0
+sample,AGGAGCTCAGTGAGGACATCCGAAGGACCCATGATGCAAAG,1
+sample,CTTATCAGTGTAAATACCACCGATGTCTATGCTGTTCTTAA,1
+sample,TTCTTGGTCAGAGCACTGGTCGATGGAACAGACCGTGTCTG,1
-sample,CATCCGCTCACCGTCTCTGGCGCCTCAACCCCTAGGGTAGC,0
-sample,CATCACTGCTATCTTCCAGGCCGGGAGGAAGGACCGAGGGT,0
+sample,TGTGCGCGCGCGTGTGCGCGCGCGCGTGCATCTGTACACAC,1
+sample,CCTGCAGCTCGTAAACCCAGCGGCCCCGAGACAGACACCCG,1
-sample,GGAGCTGGGAAAATCAAAGGCATGAGAAAGACAGCAAAAGC,0
-sample,AGAGGGCTGGACACTGCCCTCCATGACCAGCACTGCCCTCC,0
+sample,CTCCAGCCTGGGCGACAGAGCGAGACTCCGTCTCAAAAAAA,1
+sample,GTGGCCGGGATGCAACCAGCCGAGCTGCCAGAGCCAGGGAT,1
+sample,TCCTGCCAGCCATGTGAAGACGTGCTTGCTTCTACTTCACC,1
-sample,ATGACCATAATTCAAGCATTCAGATTCATGGGCTGTTTTGT,0
+sample,TGGGAGGCCCCGCATCCTCACGTTAAAGGAATCCACGCTCC,1
+sample,TCTCTATCATTTTTAATCATCGTGAAATGTTGTCTTTTAAC,1
-sample,TTTACGAGGCAATCTTATGACGGTCTACGGCACCTGGCTCT,0
+sample,TGATGAATCAGGCACACAGGCGGATCCAAGACAATTGGCTG,1
-sample,CCTATTTCTCCACAGCCTTACCAGCAACTGTTGTTTCTGGA,0
+sample,ATATAGATTAATGTAACCAACGCAACAAAGATTTTTAAAAA,1
+sample,GCCTCTCCTCCTCAGCTCACCGTCTACCTGGGAAAGCGGGA,1
-sample,TATTTATCCGGCTTAAGATTCATGGGGCTTCTTGAATCTGT,0
+sample,AGCCTATGTGTGTCTCTGCACGTGAGATGGGTGTCCTGAAT,1
-sample,GCATGGTGCTGTGAGATCAGCATGTGTGTGTGTGTGTGCAG,0
+sample,TTTAATAATAATTTCTAGTACGTGTTTCACAATGACTCTAG,1
-sample,GTGTGAATAAGTCATTTTAACTTATTCTTCTGTTTTTCTTT,0
+sample,CCTTCTGCCCTGGCAGGCGGCGCTTGGTTACTGGTGCTGCC,1
-sample,TGCTTCTCCCAGCTTCCCCACCTCCTGACCTGCAGCCCGGC,0
+sample,CCTCATCACTTCCTCCTCACCGCAGCCAGAGGGTCTTACAA,1
-sample,GCACGTCATCCTCTGGACCTCTTTGCTGACTGTGTGCTGTC,0
-sample,GACCAGGATATTTTATGTGGCAATGGGGGTTGAAGCCCACT,0
+sample,TTAATTTCCTTGTGGAAATGCGGTCCTTTTAACAAAGGTTA,1
-sample,TTCTGTAACAGCCATTCTAACGGATGTGAAATGGCATTTTA,0
+sample,CATTTCAAGGATGAGCCTGTCGAGGCCTGAGTGTTTCCCAT,1
-sample,CTGAGTCCAGATCTCACCATCTCTACCACTAGACCAGGCAG,0
-sample,GCCTCCTGGAGCTTCAACCCCTGCCTCCACAGCAGACCTTG,0
+sample,AGGAGGCACAGCACAAGGGGCGGGGGCAGCTGGAGATGACA,1
-sample,CTTCTGTGTCTTCGCTGGGACCTGGGGCAAGGGTGGGTGTG,0
-sample,AACCTTCAGTCACTGAGGAACAAACACAGGGCCCTCCCCAT,0
-sample,CTAACTCATGCAGGAAGCCACGTGAATTCTGGGCGTGGTTG,0
+sample,TTGTGGCGTGGGCGGGGGTGCGGGGGGAATACTCTCCCAGA,1
+sample,CTTCGGCCTTTGCTTTGTGCCGACTGACTGTCCCCTCCCCT,1
+sample,TAGCGATGGCCCTGCCTTCCCGTTTCACTGATTGATCAGCA,1
+sample,CAATTCTCCTTCTCCCTCTGCGGGTTTGGTGATTGCTCTTT,1
-sample,CCTGTGAGAATCTAATGCTGCTGCTGATCTGACAGGACATG,0
+sample,AGGGCGTCCAGCATCCTTGCCGGTGTGAGGGCGTCCATCCA,1
+sample,GGGGACAGGATCTGGTGGCACGATGGAGGCCAGCATTCCTG,1
+sample,GTCAGGAAATGGAAGCCCAGCGAAGTGAAGGGATTTGCTCT,1
+sample,ATGCTTCTCAAACCCAGCTGCGTATTGGAATCATCTGAGGA,1
+sample,TAAAATATATAAAAGGTTTACGTACATTGAAGCAAAAATTC,1
-sample,AGGCTCAGCGACTTCCCCACCCCTCCCCCCCATCTAACGGG,0
-sample,GGCAGCTGGAGGGTCCCATGCTGGAGCACAGCCCGCCCTGC,0
+sample,CTTAATCCCGATGCTTCCTTCGCCTCAACGGGCATTTAAAT,1
+sample,GCAGCCGCCGCCGCCTCTCTCGTCTCCGTCCAGTGAGTTCT,1
-sample,CCAGGACCCCCATGAGTGGTCAGTGGAGCAGAGATGGCACA,0
-sample,TTAAGTATATCAAAAGGAAACCCAGTGGGGCAAATTGGCCG,0
-sample,GGGGTCACCTACAGGAGGGGCAACTCCTGGGTGTCTCCCAA,0
+sample,GCAGGCTGCGGGCCCACGTGCGGCCGTGGCCACCATTCACA,1
-sample,CTTACAAGGGATGTGAAGGACCTCTTCAAGGAGAACTACAA,0
-sample,ATCTAAAGAGCCACACACAGCACCACCAAAGGCAGCACAAT,0
+sample,CCACCCCTCATTCTTCGTGCCGCATCTTTCTGAGTTAGGGA,1
-sample,GAGTGCACTGTTCGGGGCTGCCTGCCTGGATTGATGCAGGG,0
-sample,ATGGGCGGGTGGGGCGGGTGCGTGCAGGTGCCTGGGCCCTG,0
+sample,ACTCACAATCATGCTCCCTGCGCTGGCTTTGTCAGATACCC,1
-sample,TGCTCTCACATCTTCTTGGCCAGCACTGGACCACACAACTC,0
+sample,CTGCCAGGGCTGCAGAGAGACGCGCCTCCCACGACAAACAG,1
+sample,CACAGAGGCGGGTGAGCAGGCGTTCACTGTCACAAACCCAT,1
-sample,TCTGGACCCCAGGGGCCACACTGGGCGGGACCCCGTTCACA,0
+sample,GAGCCAGCATCGGGGACACACGCGCCTTCCCTGGGTGCTGA,1
+sample,GGGGTGAACCCGGGAGGCGGCGAGATCCCGGGAGTGGCCGA,1
-sample,AATCTCCGACTATGATTGTGCGTTGTCTATTGATGTTTTTG,0
-sample,GCTCACCACAAAGAAGGGAACCCAGTAGGATTAACACTTGA,0
-sample,CCCGGAGGACTCGAGGCCTGCGTGTCCATGGGGCCCCCTGT,0
-sample,CAGCAGGGCCCCCACCCCTTCCACTAGGCACAGGCCTCCCT,0
-sample,CCCAGGGAGGGTTGGGCAGGCGCCCCCAGCCTCCAGCCATC,0
+sample,ACAGCATATGTCAAAATCTACGGTAAGAGCATTCATCCCAT,1
+sample,GCCAAATATTTGAAAGATAACGTGTAAATATTCTGTACATT,1
-sample,AGGACCCGGCTTTACTGGTGCCACATGCCTGCTGCGGGCTG,0
-sample,GGTTGAGGAATCCATGGGGACTCAGGGCATCCTGTCGCAGA,0
-sample,TCATGCCCCCCTCACTATGGCCTGTGCCCATCCGCAGCCCA,0
-sample,GAGCAGGAGGTGGGTGGGGACCGGGTGCAGGCAGAGGGAAT,0
+sample,TCCTCGCATGGTGGAAGGGGCGAGGGAACTCTCTGGGGTCC,1
+sample,CAAAGTGCTGGGATTACAGGCGTGAGTCACTGTGCCTGGCC,1
+sample,GAGGCAGAGGGTGCAGTGAGCGTGAGCCAAAATTGCACCAC,1
+sample,GCTGGGTCAGAGAGAACGTGCGTGTGGTCAAGCCTGCTGAG,1
-sample,GGGCTCGCTGATATTTATTGCATACAAGACAAGGGGGCAGG,0
+sample,TTGTATTTTTTTCCTGACTACGTAAGTAGTGGATGCTAGTA,1
+sample,TGCCGCCCGACAGGCCAGTCCGCAGCCTGTCACCGGCTCAG,1
-sample,CGTGCGTCTCACCCTGGGGTCTGGGGCTGCCCCAAGCCTGA,0
+sample,CACGAATTAGAAGACTCAGTCGTGTAAAGATGTTCATTTAC,1
+sample,CCCGTGCATTCAGCCCTTCACGGTGTGCACTAGAAGCACTG,1
+sample,GGCAGGAGGGAAACCAGCCACGTCACCAGGGCGGTCTGGGT,1
-sample,GGTAGGATTGCAATTTCATACCATCCTTGAAGTTAGAGAGA,0
-sample,TAAGTCAGAAAAATTAGGAACACCAAATTTCAGTCGTCTCA,0
-sample,ATTGATTAAGTCAGAGGTATCTTTAACTTGCCACCACAGAG,0
+sample,TGCCCTGGGCACGGAGAGTCCGTGGTGCCAGCCCACAGGCA,1
-sample,AATATATAGCCAGCTCGAGTCCCAGAAAACCTAGCAAGCTT,0
+sample,CGTTTTCCAGTCCTCTGTAGCGCTCCCTTGGCTGACCTGGC,1
+sample,CCCCACCCCACAACAGGCCCCGGTGTGTGATGTTCCCCTTC,1
+sample,CTCCTGAGTAGCTGGGACTACGGGCGCCCGCCACAACGCCC,1
-sample,TCCTGAGGTAGAAAGAGGGTCACATGCTGGATAAGAGGTAC,0
-sample,ATAAGCTTCAATTTCTTTATCTATAAGGTATAGATACCTTA,0
+sample,CGAGAACTGCTGGTATCATACGAAGAGGAGCAGTTTACGGT,1
-sample,AGTTCCTTCCCACTCCTTTTCAGCTTCTCTTCGTTGCTATG,0
-sample,ACAGACTGTGGGCTTGAAATCACAGGGGTAATGTCTAATAC,0
-sample,GCTCACGGGCCCACATCTGTCAGCCTGCGCCTGGTTGGAGA,0
-sample,CTTCTCCGGGCCCGGCCCGGCCTGTGCTTCACCCAGCAGGT,0
-sample,CATCCTCTTGTACCATGCTCCTCCTTAATCATTCTGAGGTT,0
-sample,CGGCACTAATTGTTCTTGGGCAGTGGCCAAGTGGAACTTCA,0
-sample,TTCTACATTGGAGGCAGCAACGGGGCCACAATGTGAGTAGC,0
+sample,TACCCGCCCGTCCTATCTCCCGGGCCCTGTGCACCCTCCCT,1
-sample,AACAAAACCGATTAAGTAGTCTAATATAAATTGCGATCTTA,0
+sample,GCGGGGCATGCCGGGCGGCGCGCGGGCTGCAGGGAACGGGG,1
+sample,CAATAAATTAGCAATGTTAACGAATTTTTTCTTATCAATGA,1
-sample,AAGTTTGACAGCAGATAGTGCATTATAAGCCATGGATGCCA,0
-sample,GAGGTAAATAGATCCACATACTGTGGAGGGAATAAAATACT,0
-sample,CACGAGCCACAGCTTACCTGCCCCCTCCTCTGCCCATGCCC,0
-sample,GGTTTATCTGCCCTGCTGGCCCTGGGAAGGCTGGGATGAAA,0
+sample,TGGGAGGCGATGGGCGCCAACGAGGGCTGAGCCTGCAGCTC,1
-sample,AACCGATAGGTTTCGCTGTACCTTGATCAGCATCCTGCTGC,0
+sample,GAATTGTGGGGCTTGGGAAACGGATGACCCAGTCACCCAGG,1
-sample,ATTCTGATATTTGATATTATCATGCTTAATTTGACTGAATC,0
+sample,GGAGGAGGAGGAGGAGGTGGCGATGGCAGAGGTGGAGGCAG,1
-sample,AGTCAGGGGCTTCGGAGGAGCTCGGGGTGGGTCGGAGATGG,0
-sample,TTAAAAAAATATAATATGGACATATTATATATTATATGCAT,0
-sample,GGGGCTTGGGGTCGTGCCGGCAGGTAGTGTCACTTGAGAGT,0
-sample,GGTTAGGGGCTGAGGCACATCAGCACTAAGCAGGAGAGCTC,0
-sample,GTGTTGAAGTCATCGGCACCCCTTTCCTGCAGGAGGGGACA,0
-sample,TACAGGTGTGAGCCACCACGCCCGGCCAGGGTACACTTTTA,0
+sample,CTTATTCCCTAAATATATCTCGTTGTCATTCTCCGATATTT,1
+sample,AAGAATACAAAACCAACACACGAAAGTGAGTTGCATATCTA,1
-sample,GTTTAGACATACCATATTTTCTTTCAGACAATTCTTCAGTT,0
+sample,CACCTCCCCCCGAACAGTGACGAGTCTGACAGAGCCTGGCT,1
+sample,CACGCATATATGTATACGTGCGTATATGCACGCATATATGT,1
-sample,GGGTCGTGGCTGGTCTGGTACAGGTGGGGCTCAGCCCGGAG,0
-sample,CCAGGCACCTGCCAGGAGGGCCTCTTCCGAGGTGGGGTGTC,0
+sample,CGTCGCTGGAGCTCGATTCACGGTAACAGGCTTCTCTGGCC,1
-sample,GCCCCACGAAGGAACCAGAGCCAACCTGCTGCTTCCTGGAG,0
+sample,TTCCTTTTTTTTTGAGACGGCGTCTCATTCTGTCGCCAGGC,1
+sample,CAGAAAAGCTCCCCTGTATACGACTGTGATTTTCTTTGGAA,1
-sample,AAAAAGAAAAAAAAAAGAGACAGAGAAAAGAAAGCCAACAA,0
-sample,GCGTCCCAGGCCTCCCCTCCCTGAGCCTTGCACCCGGGCGG,0
-sample,GCTCTGTGCCAGCCAATTTTCGTCTCCCTCCCCCAGCCAAG,0
-sample,CAGACCAGACTAACATTTGACTCAGTCCTAATATTCAGGTG,0
+sample,TGGAAAGAGAAAATTAATGACGATTCACACACACACACACA,1
+sample,ATGACATGCCAAGCCAGCCACGCTTCCTTCCTCCCCAACTG,1
-sample,ATATTTCTGCCCACATTATTCTGCAGTTTTTATCTTGCTTA,0
-sample,AGCCCCCTGCAGGATGGGTACAGGTGGCCCTCGTGGCTCTG,0
+sample,TAAAAAAAAGTGCACTGGGCCGGGCGCCGTGGCTCACGCCT,1
+sample,GGCCTCCACGATCAGTGAGCCGGTTCCTTAAAATCAACCTC,1
-sample,TTAGGACTGAGCATGTCTTTCTGTTTGCTTTAAGCTTTTAA,0
+sample,CCCGCTCGCCCGTGTTGGCTCGCTGTCAATATAGAGACCCA,1
-sample,TGCCATCATGTAGAGATGTGCCTTTTGCCTTCCACCATGAT,0
+sample,GCCATGTTGCCCAGGCTAGTCGTGAACTCCTGGCCTCATGT,1
-sample,ATGTAGGAGGGAAGGTGTTACTGGGAAATATGATAGAAGGT,0
-sample,CATTTCAAGTAAGGGGAAAACCTCCCCCGGGGCTGGGCTGA,0
-sample,TACAAAATTCAAAGTTAATGCAGGCAAGACCTTTCTTTTTT,0
-sample,TAAGGATCGGCTTTGTACGACTTCAGTCTTTCTTGATGTGT,0
+sample,TCCCTCCCACAACATTCCCCCGGCTCCAAGTGCTGACACCA,1
+sample,TAGACCAAACGTGGTATCAACGTAAGTGTCCATCAGTGGAT,1
+sample,CAGACAACTGCCCACTGCTCCGAATGCTGAGTGTGTCTGAG,1
-sample,CCCGGACTCAGCTTCCCCATCTCTCTCCTCCCCACCCCACC,0
+sample,CTCTCTATGGGCATCGTCAGCGAGGTCCCGTGGTGGGGGGT,1
-sample,GGGGTGGGTTTGCTGGAGGGCTGAGGGTCCGCGGGCCCGCC,0
+sample,TGAAGGGCTTCCTATGAGCCCATGGCTGAGCCAGAAAAGAC,1
+sample,TGAAACCTGAGTGTCTTTACCGGATGATCCAGCGGTGGGCG,1
+sample,CCTGCCTCCAGTTGTGACAACGAAAAATGTCTCCAAACATT,1
-sample,GTAGTAAAGGTAATTATGTACTTTTTAAAAAAGGTGTAAAT,0
+sample,CTCTGCACCATGCTGCGGCCCGGTTTTCCTCCAGACAGCTC,1
-sample,ATACTTCTACAATATTAACACACAATAGTGGTAACACTTGC,0
-sample,GAAGAGTCATGGATGCTGGGCCTGTGGGCACCGTCCTCCAG,0
-sample,TAGACAAAAAAGGAAGGAATCGAACCCCCCAAAGCTGGTTT,0
-sample,ACTAAAAATACAAAAATTAGCCGGACGTGGTAGCGTCCACC,0
-sample,TGAAACAGGTACTGTTAACTCAGTCACCAGAAAGCCTGTGT,0
+sample,CATTAGAAGGGTTTTGAAAACGATGAAAACAAAGTGTGGGA,1
+sample,CAGCAAAGGATGAGAGTTAGCGTACAGATAATTAGCTTCCT,1
+sample,GCTTCAGTGGAGCCCTGCCCCGCGTGGTCTGCAAAGCCTGG,1
+sample,AGCTGCAGCTGTGGTGCTCACGGTCGCCCCTCCCCTAAGGA,1
-sample,CAGCAGGAAATAAAGGAGAACACAATTGGCAAGGAGCACCC,0
-sample,ATAGACACCTGTGTTGATTTCATATTTGGGTATTGTGAATA,0
-sample,ATGGCTGCTGGGGGTGGGGGCTGCAATTCCTGACACACTCA,0
-sample,CACATGCATGCACACACGCACACACACTGGCACCCACACCC,0
-sample,TTAGATAAATATCAAACTTTCTCTGAAACTGTAACTGTAAA,0
-sample,CCTGCGCAGCTCAGATATTTCATGGCTCCCTGTATACAGGT,0
+sample,ATTCCAGAGGAAGGCCTGCGCGCTGGCCCAGCCACCCGGGA,1
+sample,TTTTCCTTTCTTTTTTGTGACGGAAGGGCGAGCAGCAGCTC,1
+sample,AAGAAGAAAGAACTTCCGGCCGGGCGCTGTGGCTCACGCCT,1
-sample,AGCGAGTGACGAAGAGCACACGGTCATCCATGAGGAGGAGG,0
-sample,GCCGGTGTGGGCAGGACACACACCTGCAGGACCACAGGCAG,0
+sample,ATGTAGGTAATCTCAAGGCTCGTATCCTTAAAAATAGGCCT,1
-sample,CCGGCAGACTCTGCTGAGGACCAGGAAAGCCAGCACCCGCA,0
-sample,CCATATCCTAATCCCGGGAACTAGTGAACATGACCTTATAT,0
+sample,GGCGGGGGACTGGGAGGGGTCGGGGCTCCATCACGCCGTCG,1
-sample,AAACAAATGATAGCCATACACAACACTAAGGGACGAACCTG,0
-sample,CACCTACTGGAAATCACCAGCATCCCATTTCCCACTGGCAA,0
-sample,CACGGTCATCTCCAGGATGTCCGCCTTCTCCAGCTTCGAGT,0
-sample,ACCACAACCTGCAGCTATTACCTATTGTTAGGCTTAAAATA,0
+sample,TCCCCCTCTAGTCAGTGAGACGGTCAGGTCACGTGACAAAG,1
-sample,ATGGTAGCACTGAGTAATTGCGGGCTTCTGGATAGGCAGGC,0
-sample,ACACACACACACACACATATCTGTATATACAAATACACGTA,0
+sample,GAGCAGTGGTTCTCCCAGCACGCAACTGGAGATCTGAGAAC,1
+sample,TTGGATGGGGGGCGGGGGGGCGGGGGCAGGGGTGTGAAGGA,1
-sample,CGAGATCACCACAGTGCAGGCCAGTGTGCAGGGCACAGGTG,0
+sample,CGTCCCAGCTGGGCCGAGCTCGTTCTCCAGCCCTGCACCGA,1
+sample,TTTTTTTTCTTTCGTGAGGTCGTTAAACTCAAATATGGATC,1
+sample,TGCAAATGCTTCGGAGGACTCGCCCACTTTTCCCGTCCCCT,1
+sample,GCAGGTGCTGCTGAGGCTGCCGAGCAAGCTGCGCTCACAGT,1
+sample,TCATTCATTTTAAATAATTTCGGTGCTTACAGAACTTTCAT,1
+sample,GGGACACTGCTGTTGTTCTACGCCACCCAGTTTGTAGGAAT,1
+sample,CTCTTTACAGGGTGAGGAGGCGTCTTCCCAAGGATCAGCTG,1
+sample,CGGTGCCCTCGACAGCGTGGCGCGGCGCCCGCGCTCCGGAA,1
-sample,AGAAGTGAAATGCGTGCCGACAAGAGCACGGAATATAACTG,0
-sample,CAGAGGCGGCTCAGCCCTCGCGGCGTCTGAGGCTTGACTGC,0
-sample,CACGTCTGAACCCCAGGGACCTGCACCCCTTGCCCAGCTAT,0
+sample,AGGAAGGAATGCTATACAGACGGGCCAAGAATCTGGACAGG,1
-sample,AGGGTCTCACTGGAGCGAAACGGCCGCAAGGGTGCCCTGCG,0
-sample,CCACCTCGGGCACAGGTCGTCAGGACCTCCTGAGGCCGTGT,0
+sample,TATAGATGAATAAACCTATGCGTGAGAAGTTATTTGCTCAA,1
+sample,GCGGGAAGATGTTACCAGAGCGAGAAACAAAGACAATTAAC,1
+sample,TACTTTCAAATAATTTTTCACGAATGCTAAAGGAACAAATC,1
-sample,CTCTGGGGAAAGAAGGGGTGCATGAACTCCCCCTAGTCCAC,0
-sample,TTCAGACTGGCCGGTGCGGGCTACAGCTGGGCTCCCCCGCC,0
-sample,TTAAGCAAATGCTTTTCTGGCAGAGCCTTCAAATTGCTACT,0
+sample,CAGAGCTTGAGAAGTGTGCCCGATCAAGGTCTCAAGGCAGG,1
+sample,TAGACTAAGGATTTGAGAGACGGGAGATCCTGGGCAGGGGC,1
+sample,GGGCGCAGAGGGCGATGGGGCGGGCCCTGCAGGAGACTCAA,1
+sample,CCCAGCCTTTCCACCCTGAACGTTTCACTATGGGCTCCAGC,1
-sample,GGGCGGGAGCGGGGCGGGAGCGGGGGCGGGGGCGGCCCGTC,0
+sample,CCAATTCCATTCTGAGGAGACGAACTTCCTTTTCTTTCTCT,1
-sample,CCCCAGGAGACCATGAAGGCCCACGTCTGAAATCCTCACTA,0
-sample,TTCATGTTTGGTAGGCTGTACTTCAAGATACACTTTTAAAA,0
-sample,AAAACCGCCCGCACGTGTGACTCCTAACACTCAGAGTGTCG,0
-sample,GCTCACTTGTATCATGTTATCTCTATTCATTTTTAGTGGAT,0
-sample,GCAGAACTACCCTGTCTACACTACCAGCCTCCCCAGCAGAT,0
+sample,AGAGTTCCTTTACTTAGCATCGATGTTCCTTAAAGCAAGAG,1
-sample,TTCTACGGTGGAGGCAGAGACCAGACCCGGGCCTGGGGGGC,0
+sample,CTTCTCTTCTCCGCATCAGACGCTAGGAAAACACTAGCAAT,1
-sample,TGGGGCTCCGTCCCGAGCAACCAGAAGACGCAGCAGCAACA,0
-sample,GAAAAAGCACAGGCCGGGCGCGGTGACTCACACCTGCCATC,0
+sample,AGGGCCCTGGCAGCCTCCAGCGTGCGGGGAGAGGCTCCAGG,1
-sample,TTGGCCGTGGGACTGGAATTCTTTCCCAAGGGCCCAGATGT,0
-sample,GGTACTGTGAGTCCTGGGATCTTTGGGGTTGCCCACCTGCC,0
-sample,TGATTGAGTCCAAAGAAAAACAGTATGAGTAAAATAAAAAG,0
+sample,GCGGGCGTGAGAGTGACAGACGCCCGGGCCCTGGGGGATCC,1
+sample,AGGACAAGTTTCTTGGCTCACGATGCTTCTGTGATGTGAAT,1
+sample,ATCACAGAATCAATGCTCAACGGATCAATGAACAAATGACT,1
+sample,AGTCACCCCGAGGCATCACCCGGCCGGGCTCCCTGGGGCAA,1
+sample,AGGAAAAGGCAATGTGTCCCCGCTGGAGCCTTTGGAAATGT,1
-sample,TCCACTGCCTGCATGGGGGGCGCGGGGAGTGACCAGGCGGG,0
+sample,GAAAGTCACCCTTCCACACACGGGAGCCAGCAGCACGCAGA,1
+sample,GCTGGCCTGTGTCTTTGTGACGATGTTGCTTATCTTTGCCA,1
-sample,TCCGGGCTGCCCCAGAGGGTCTTGCCCAGGCTCTGACACTT,0
+sample,CGGAGGGGAGGGGAGGAGAGCGGAGGGGAGGGGAGGAGAGG,1
+sample,CAGAAGCTCTCAGTTACTGCCGGGCATCTATGTATCAAGCA,1
-sample,GTCCCATCCCGGGGGGCTGTCACGCTTCCGCCCCACCTCTC,0
-sample,TTATGCCCTGGAGCACCCATCAGGGTGCCAGGCCTTTCCTC,0
+sample,AATTTAAATTTAGAATTTTACAAAATTGTGACTTCAAGCTC,1
-sample,GCAGCCGCGGTGCAAAAGGACCTTCCTCAGAAAGTTGAGCA,0
-sample,CAACTGCTGCCTCCTGGTGGCCTATGAAGGCCCAAAATCTC,0
-sample,TCCTGCACCCAGTCCGCTCACTGCTTGGGGCTGCCACATGC,0
-sample,TCTCGCCAAAGGTTATTGTACAACCTACGGAAGAGAGTGTA,0
-sample,AGGCTTTCTTTTCCATTTTCCCCAACTCCCTCTTTACCCCC,0
-sample,CCACTGAGCCTGGCGGAGCACTTTATGTTATTAAGTAGCCT,0
-sample,GACCCTTGCAAGTACTGAATCATCTTTAATGAAAAAATACA,0
+sample,GCTCTTGAGGCCTCTCTCCACGGCTTATAGATGGCCGTCCT,1
+sample,TTTAATATGTTTTAAAGGAACGTAATATTCATACAAATAGC,1
-sample,CATGTACCCCAAAACATGTACAACTATGATACATCAATAAA,0
+sample,ACAAATGTGTTTCCAGACTGCGGAATGCTGACTTGCCCTTT,1
+sample,TGTCTGGACTCGGCCCACCGCGTCGCTGCACCCCTCTCCCC,1
-sample,CATCAATGATTCCCAATTCCCATCAGAGTGAATGGCCCCTT,0
+sample,GCAGTGAGCTGCCCGGTGACCGAGGCCTGCTCCTTCTCTGC,1
-sample,GTAGCATTAGGTATATCTCCCAGTGCTATCCCTCCCCCCTC,0
+sample,GGATCACGAGGTCAGGAGATCGAGACCGTCCTGGCTAACAA,1
+sample,ACACACATATCCTCTTAACACGATCTTTGTTTACAGCAGTA,1
-sample,GGGGCAGCCTCGCCCGCAGCCACCGGGGACTCCTGGGTGTG,0
+sample,AAAAGGGTGAATTTAATAAACGAAGTTGATTAAATCACCTT,1
+sample,GGATTAGAGGCGTGAGCCACCGTGCCCAGCCTGTCATTTTT,1
+sample,GCGGCTGGGAGCAGAGTCTACGGGGCACCGAGAGGCAGGTG,1
-sample,AGTATCGTCATGTATACCTACAGTCCCAGCTACCTGAACTT,0
-sample,CCTGTAAATGGGGGTTGCAGCAGCACTTACCTTCTGGGACT,0
-sample,GTCCAAAGTCTCACCTGAGACAGGGCAAGTCTCTTCCACAT,0
-sample,GCTGTTTACCCTTTAGATCTCAGCTTCAGTGTTGCTTTCTT,0
-sample,AGGGGAGCTTGCCTGCAGCACTGATGGTGATTTTCTTTTTT,0
+sample,AGTGTAGAGTGGAAGTGGGGCGGGGCGGGGGGGGGGGGGTG,1
+sample,AATGGCATTACTGATATCTACGTACCTTTTTTAACTTACAA,1
-sample,CCATTACACTATTAATTTGTCATTCTTTTGTTTATATAGTC,0
-sample,TGTCCGAGGGGTTTCAGGGACATGAGAGAGAGTGGGGAACG,0
-sample,GGCGTGTTGTAGGGGAAGGACATGAAGCCTACAGGCAGCAG,0
+sample,CTGGGCTGCCTGGACCCTTCCGGGCAATGGTGTTAGGGGTC,1
+sample,TCCTCTTCTGGGGTTGTGGACGTCAGCTCCCGGGCTGACCC,1
-sample,CACAACCCAGCTCTATCATCCCATCGGGGATCCACGCTCTC,0
+sample,CACTCCTGGGAGTTTGCAGTCGTATGCATTGTTTCCTAAGA,1
-sample,GTGTAGCCATCTGGTCCAGGCTTTTCTTTGTTGCTGGGTTT,0
-sample,AGGAGGGGGAGGCGTGGGGGCTGGTCAGAGACCCCATGGGG,0
-sample,AAGTCACACACCACTGTACCCCTTATATGTACACAGCGGTC,0
-sample,CTTTTCAAATGACTGCAGTTCCCAGTGACATCATTTTTCTC,0
+sample,AGCGCCCCTACACCAGGTGTCGATATTGATTATGCAATAGA,1
+sample,TGGAAACAACCTAAAAGTCACGCAAGAGACTTTGGTTAAAT,1
-sample,GGCATGGTGCTAGGCTGTGGCTGCACAGGCTCCTCCCCCTG,0
-sample,GCCAACACTTTGTGCTGGTTCCCGCCAAGGGGTCGGCCTCC,0
-sample,CCAACATCATCCTGGATGGGCAAAAGTTAGAAGTGTTGCTT,0
+sample,TAGCAAAACCTGCTTTGTAACGTTTCAGAACCCTGAGCCTA,1
-sample,GGGCAGGGCCGGTGCCCCATCGCGCTCCTGCGGGAACCGGG,0
-sample,CAGGGGGAACAATCTGCTCCCCGAGGCCAGAGTGGGGCCTT,0
-sample,ATTTATTTGACAAATAAGGGCTCACCAGGACGAAGGCCATG,0
-sample,CCCACCTCACCTGGCTCTTTCTTCTTTCTTAAAATTGACCA,0
+sample,CTGTCTTTGGGCTACTCTAGCGGCTGAGCTTAGGGAGGGGA,1
-sample,CTCCTTCCTGTTCATGTGGGCAGACCACAGCCCGTGTGGAA,0
+sample,TCAGGCCATCTGGGCATATACGTGCAAGTCACAGGGGATGC,1
-sample,CTTCCTGCCCCCCGCGCAGGCGGAGATGTTCGCCTGGCAGC,0
+sample,GGGGTTGGTGCAAGGGGCCACGGTTGCTCTGCGGCCCAGGA,1
+sample,AGGTGCCTGCCAGATGTTGACGATTACCAAGGAACAGAGGC,1
+sample,GAGCCTTGGTAGCTGGGCTGCGGTCTGCCCTTGAGGTCCCT,1
-sample,TTTAAATAAAACATTTTTAACATGAAAATATGCAGAGCACG,0
+sample,AATCCAGCTCTGATGCGTCCCGAAGTGCATGTTGTTGATCA,1
+sample,AATCACACTCTTGTTCTTCACGTAGTATACTTGAAATACCA,1
+sample,CTAGGTCTGGGCGGGCTGTGCGTGCCGCCGTGTCCTGCCAA,1
-sample,GGTAGGTGTGTGTTGGGGACCCTGGTTCCTCAGGGGAACTC,0
-sample,CGGTGTTACATTCCTAGAATCAAGGATGATTTTCTACCAGT,0
-sample,CACCTTTGGTTCTGCCATTGCTGCTGTGTGGAAGTTCACTC,0
+sample,GTTCGTGACTGAGCCCTGGGCGGCATTTCCGGAGGCAGGCC,1
+sample,GAGGAGGAAGGAGCCCTCACCGCACGGCAGCCCTAGGAGAG,1
-sample,TAGTGTTTTTTGGTCTGTGTCTGATAATCCAATATCTCAGG,0
+sample,CATCAGCTGTGGTGGTGTGGCGAGGAACCGGCGGTGGGCGG,1
-sample,CTCTTACCCTGAGCTCCTCCCCACACTCCCAGCTTCGCTGC,0
+sample,TTATACTCTATTGTCATATTCGGAGTCATCCTATTAGTATC,1
+sample,AGCTGGGTCCCTCCTCTCAGCGCACCCAGCTCCAGCCACAG,1
-sample,TATAATCCACTGCCTACTGGCCTTCAAGGTTTCTGCCGAGA,0
-sample,AGGCCCCAGAACTAAAAGTACCCTGTCAAAGGGTGAGCATT,0
+sample,CCATATGACAACTTCAGGGTCGGTCACATGCAGTCCTACTG,1
-sample,TGCAGGAGCAGAGAGGTGGGCGGGGCCGTCACCGGGCCTCG,0
+sample,ATGTGATCAGTAGCTGGGCGCGGTGGCTCATGCCTGTCATC,1
+sample,GCAGGGAGGGGGACAGAGCCCGGCGGGCTGGACCTGGGGCA,1
+sample,CCTTCCCCCTTTCTCGACGCCGCAGCAGAGTTAATGAGGCC,1
-sample,ATTCAAAGGAGAGAAAAAAGCTCATTATGAAGGGTAAAATC,0
+sample,TGATTACAGCAGGAGAGAGCCGAGTGCCTTCTGAGGCTGCT,1
-sample,CGCCACTTCACGGTTGAGGACCCCGTGACCCGCTTTGCTCA,0
-sample,GTCACAATGACAACTATACACTCCCAATATCACAGAAGAAG,0
+sample,AAAATCCACAACTGTGTGTGCGTGTGTACATTTACACCAAA,1
-sample,CTGCTTTTCTAATATCTATTCACCAAGCTCTTCCAATAATA,0
+sample,CCCCAATACAGGTTTCCCAGCGGCCAAGCACCATCTGTACA,1
+sample,TTTTTGTTTATGCAACTTTTCGTTTATTATATTTGCTTTCT,1
-sample,GCTGGCTCCACTATGTTGGGCTTGTCAGCCCAGCTTCTTCT,0
+sample,TCCTCAGCACAGACCCTTTACGGGTGTCGGGCTGGGGGACG,1
+sample,GGACCTGATGAGACACCGTGCGTGACCCTGGAGGGCCACCA,1
-sample,AGCTCTCAGATTCTTAGGGACACATGTACATCCTAATAAAC,0
-sample,TTTCCTTTTCCCGTTTTGATCTCTGTCCTTCATGGTGCATC,0
+sample,CACACGCGCGCGCGCGCGCGCGCCTAACAAATAAAAAAGCT,1
-sample,TCACCCCACTCATGCTTTTCCATGTTCTTTGGCCGCAGCAA,0
+sample,ACAACTTACTCTCGGGACCACGGGGCAGGGGGTGGAGCAGA,1
-sample,GAGGGCGTCCAGGGAGGAGGCCGGAGCTCAGGCCCACTCTG,0
+sample,AGGTCGGAGCAGGCCCTGCCCGAGCAGCTGGACTCCTGGGA,1
-sample,ACTTGATCATGATGAATTATCTTTTTGATGTGTTGTTAGCT,0
-sample,GGTTTCCAAAGTCAATGAGGCCTCAAATGAATCTTGAAAGT,0
+sample,ATGTTGTTAGCAGCACTCTACGATAACTTAAGAAGCCAAAA,1
-sample,CTCCCAAAGCGCTGAGATTACAGGTGTGAACCACTGCACCT,0
+sample,CTGCCCTGCCAGCTCTGCTGCGCACTCGGACCTGCTGACCC,1
-sample,TGCAAACAGAAACAATTTAACTTCTTCCTTTCCAATTTTCA,0
-sample,GTGTTTCTTTGTAGAATAGACTGATGTACTGTGTGCTTGAT,0
-sample,CCAGTGGGAGGAGGAAGGGCCAAGAAGATGCAGGAGAAGCA,0
-sample,AATCTTCCCTGCCTCACTCTCAATCGAATAAAGAGCTGATC,0
+sample,TGGATGGAGAACGACTTTGACGAGCTGAGAAAAGAAGGCTT,1
-sample,GATCCCACACTTAAAAGGATCCTACACTTTTTTTAATGCTC,0
-sample,AGGATCACTTGAAGCCAGGACTTCAAAACCAGCCTGGGCAA,0
-sample,CTCCATCCCTTTATTTTGAGCCTATTTGTGTCTTTGCACGT,0
-sample,GAAAGTAGCAGTACTCTTTTCCTAATGCAACCATAGATGGA,0
-sample,GTGTATACCTATGTAACAATCCTGCATGTTCTGCATATGTA,0
+sample,CTGGGAGATGGTGAGGCCAGCGAGTAAGAGGAAGCTCCCTG,1
+sample,TTGCAGCTGCCAAGACCAAACGGGGGTATCGGTGGGAGGTG,1
+sample,TTCTCATTTCTTCCTGTTGCCGTCCCCTTCCCTGGCTGCTA,1
+sample,AGAAAACTATAGATCAAAATCGATTCTGAATATAGACACAA,1
+sample,CAAACGCCGAGCGCAGGAGGCGTCTGGGTGGACGGGGAGAC,1
+sample,AGCGAGGGCGGCAGCCGCGGCGGTGCCTGAGGGCCCCGGGG,1
-sample,GTCTTCGGAAAATGCCAGGTCCCCCCCCAGCTGCTGTTCTC,0
+sample,TGGAGGCCCCAGAGAGGCGGCGGCCAGGCCCTCTGTTTATT,1
-sample,CCCGTGGACGGTGAAAGGGGCTTGTCTTCCACACGCTGCCC,0
-sample,GCCACCAGTTCCTGGAGATTCCGACACCAAGTGCAGCCACT,0
-sample,CCCAGGTAGGAAGGTGGGGACCCCCGGTGACTGGAACCCAG,0
-sample,GGAAATGGGGTTAGAAAGACCAAATAACATTTTTTCAACAT,0
+sample,GTTCAATAAATTATGGCGAACAAATGACTTTATCAGATGGC,1
+sample,GCCCTGAGGCCCTGGGTTGTCGGGCCTCTGCCATGTCTCTA,1
+sample,GAGGAGGGATTCTAGAGAGGCGGTCTGGCTGCAGCGGCCTT,1
+sample,GCTGAGTCAAGTTACAGAGCCGAGCAAAATACAGGGGTAGA,1
+sample,TCAGAGCAAAAAGAAGGGCCCGAGCTGCCCTCACCTCCCGC,1
+sample,TGGGACAGAGGGATGGAGCTCGGGGGAAGACCAGCAGATCC,1
+sample,GATCAGGGAGAGTGCTCGCACGGGGACAGAAGTGGGTGGAT,1
+sample,GAAAATAATAATAAAAAAGACGTAATAAGAAAACCAGAGAA,1
+sample,GACAACCTGGTGCCCTGCTACGTGGGGTGGAGGCTTTGCTG,1
-sample,AGATAAACAACGAATAATTTCGTAGCATAAATATGTCCCAA,0
+sample,CGACCTGGGGTTCACACGCCCGGGTGGCGGGCAGACCCGCT,1
-sample,CCGTGCAGGCCTTCGAGACGCAGGAGGCCGGGCCTGCAAAG,0
-sample,CAGGTGCACTCCCCCAACTCCAGTTCATGTTTTTCCCTCCA,0
+sample,GAACAGCCTGTCCTGGGGGGCGGGGCGAGCCTTGCGCGCGG,1
+sample,TTGAGGGTTGGGGCGGGGGGCGGGGGCGGGGAACAATCACT,1
-sample,TGCCAGCGAGCGTCCCAGGCCTCCCCTCCCTGAGCCTTGCA,0
+sample,TGATAGTGAGTGAATTCTCACGAGATCTGATGATTTTATAA,1
+sample,CAGTTCAAATAAATGACGGGCGAGGGATTTAGGCTGCACAC,1
-sample,TTGTCCAGGCTCCCTGGTCCCTGACCTCAGCCACGCCCTCC,0
+sample,AGTCCAAGTATCAGGTTTCACGGCTTTAATTCCTGGGTGGA,1
+sample,GAGTATGATTTGAACCACTGCAATCCGTTGCCAAATCTTCT,1
-sample,GGCATTTCTTGTTAATTTAGCCTTCTGTGGCCCTAATGTGT,0
+sample,AAAGTCCTCTCCGTGGCCCACGAGGCCCTCCGGGCCCTCCT,1
-sample,GGTCGCCCGTGGCGTCCATGCTGAGCCGACGCAGCTCAGCG,0
+sample,CTCCACAGACAGAGCAGCCCCGAGGGCTGCTGGTTGCCCAT,1
-sample,ACAGAATAATTAGAAAAATGCAACTACAATGCAGATGAGTG,0
-sample,TCTCACTTCAGCCCCTCCCACACAGGGAAGCCAGATGGGTT,0
-sample,CTACCATGCCCACCCAGCTACTGGCTCATGCAGCAAGGGTG,0
+sample,GGGTGGAGGAAGGCAGGTGGCGGGGGAGGAAGGCATGAGAT,1
-sample,CATGAATGTGAACATGTGTGCACGAGTGTATATATGATCTG,0
-sample,TCATCATTTTACCAGGGAGGCCTCCCAGAACCTGAGTCCAG,0
+sample,TGATTGCTAGCACAGCAGTCCGAGATCAAACTGCAAGGCAG,1
-sample,AGTGGAAAGATGGACGCTATCTCCTCCTGGGAGAGGAGGCA,0
+sample,CTTTGGGAGGCTGAGGCGGGCGGATCACCTGAGGTCGGGAG,1
+sample,CATTCGATTTGCCTAACTCCCGGTTACCAAACTGAGGTTGC,1
+sample,AGTTCGCCTCAGCACTTGTTCGAAATGTCATTAGAAAACCA,1
-sample,ACCATGTCAGGCATTTTTTTCATTTTTGTAGAGAGAGAAGA,0
+sample,TGTGTCTTGGGGTTTCCAGTCGGTTATTTTGTTCCACTTCC,1
+sample,TGTGGCTTCTCCCAGCAGCCCGGCAATCTGGAGTAAAATCT,1
-sample,GCATGTCAACCATTCAAAAACTCAGGGTGTTCTGGATAAAG,0
-sample,CAGTCTTAAGGACAATGAAACTCTGGTCTTCACTGTGGACA,0
+sample,TGGAGGGACAGTAGGCTACACGGAGTCTGAGTCACTCCTCG,1
-sample,CCCATGGCCTCCCACAGGACCCCCGCATGCCTCCCCCAGGG,0
-sample,CAGGAGGCAGTTTCTCTCTGCCTCCTCACTTGGCTACATTT,0
-sample,GACCCAGGCTCTCCACATGACCCAGCTCTATCATCCCATCA,0
-sample,TTTACTTTTGGGAATTTGTGCCATCCCACTGCCTGCCCACC,0
+sample,GCTGAGGCAGGAGAATGGACCGGGAAGCGGAGCTTGCAGTG,1
-sample,CCGCGCCCAGCGCCCCGCGCCCCGCGCCCCAGCCGTGCTGC,0
+sample,TAAGCAAGCCTGGGCAATGGCGGGGGCCCCTCCCCCAGCCT,1
-sample,CCCTTCTTCTCTGCTTTCTTCTTTTCTCCTCCTCCTCCTCC,0
+sample,CCTTCTGAGGGAGGCCCTTACGGCGCTTGCAGTCCCGGGAA,1
+sample,AGTAGCTGGGACTACAGGCACGAGGCACCATGCCTGGCTAA,1
+sample,TAAACTCAATCCTTTTACAACGTTCTTCCCTTTCACAAACA,1
-sample,AGTATGTGACACTGGATGTACTATCTAATTGGTCTGCCACA,0
+sample,TCCCGCCACTGCACTCCAGCCGGGGAGACAGAGCGAGACTC,1
+sample,GCCAGTGACAGTGTGGGCCACGTGTCCATGCAGAAGGCCTG,1
-sample,CAAAGGTATGGGTGATAAAGCAGAGTATCTAAGCAGCTCCT,0
+sample,TCCGCCTCCCCTCCTTGCAGCGACCGCAGGTGCACACAGAT,1
+sample,GAGAGGAGCTGGCCTATGACCGGATGCCCACGCTGGAGCGG,1
-sample,TAAAAATACAAAAAAATTAGCCGGGTTTGGTGGCAGGTGCC,0
-sample,GGGGACTCAAAATCACTAAGCTAAAGGGAAAAGTCAAGCTG,0
+sample,AGAGCTCTTTGGCAAACTGGCGGTATGTATTTTGGAAGTCA,1
-sample,CACCTTTTCCCACCTCCACACCTTTTCCCACCTCCACACCT,0
-sample,AATAACATTTTTTTTATTTTCCACATCTTGCCAAAAAATAT,0
-sample,GGCGAGCTCTCCGCCTGGCGCACCCCCTCTGCCTGCTGTGC,0
-sample,CATTACTATCAGAATTTGTACCCATTCTTCATATTTTGTTG,0
+sample,AGCCTGGACAACAGCAAGACCGTGCCTCTAAGAAAAAAAAA,1
+sample,AGCTCTGGGGGGAAAGAGGGCGGACAGGCCCCTCCCTCTGC,1
+sample,GTGAGCGGAGCTGCCACTGACGCTTCTCCACTCCCGCAGAA,1
-sample,CTCACTCCTCCTTTTCCTTTCCTGCTGTTTCCTGCTCTCCT,0
+sample,TGCAGACTGTAGACCCATGTCGTGGCGGTAACGGGGCCGAA,1
-sample,ACTGCCCTGACACCACCTATCCACCGTCGTCAGCAATCTAT,0
-sample,AGGCCCCAGTGTATGATGTTCTCTGCCCCATGTCCAAGCGT,0
+sample,CCTTTCCCTGGGAGGAAGAGCGGGCCTGGAGGATTTTCTCC,1
-sample,TCAAAACAACAAAAAAGTAGCAGCTAACATCAACTGACCTT,0
-sample,GCAGGTGTCATTGCTGGGTGCCCCAGCCTGTTCCCCTGAGA,0
-sample,TCTAAGTATTGCTTTAGCTACACCAACAATTTTGATGTTAT,0
+sample,TGGCCGAATAGGAACAGCTCCGGTCTACAGCTCCCAGCGTG,1
-sample,CCTGACCTGATCAGTGACAGCTGTCTGGGGAGGGGCCTGGA,0
+sample,CTTTTATAAGAGCAAAGCAACAATATGATCTTTCAGTTCTT,1
-sample,GGAAGGCAGCTAAGGCCTGGCGAGTAATCGAGTGCAGCGCC,0
-sample,ACACAAAGATCCTACTGACTCCTCATCAGACTTCTTTCTCA,0
-sample,GGAGAGGAGCTGGGCGAGTCCTTCCCATCCCCATCAGCTCC,0
+sample,GGCTGGGCTCAGCTGGGCATCGGCCAGAGCACCCACACAGG,1
-sample,ACAACTCACTATAACGTAGACTCAGTGGGATCTCTGAGCTT,0
-sample,AAGGGTGCCCACTCTCAGAACTTCTATTCAACATAGTACTG,0
+sample,TGTGGGATGGTTATAGGAAACGGCACTTATGACTTCAGTGT,1
+sample,GTTATTCTGACCTCTGCTTCCGTGATCTCCTTTTCTGACTC,1
-sample,CCCCTCAGGCTCCCTCCCGGCAGGCCCTGAACAGACAGCCA,0
+sample,AGCTCTAACCAACCATTTGGCGGCTGCCTTATCGGTAGTGC,1
-sample,ACCAGCGCCTTTGCTTGTTGCCTTTGGGCTCTTCTTCTAAG,0
+sample,GTTTCCTGGGGCGGGGGGGGCGGGGCAGGGGTTGGACATTT,1
+sample,GCGATTCTCCAGGCCCCTGCCGGAACTCCTCACTGGCGTCC,1
+sample,TCAGGAGTATGTCCATTCTCCGGGTCTATGTCATAATTTAA,1
-sample,ACCCATTTTTTCCACTTCTTCCCCTTTCCCCAATACCCACA,0
-sample,TTACTCTGATTTGATCATTACACATTGTATACATGTATCAA,0
+sample,GGGCAGGGCAGCAGGCCTCCCGGCTCCGTGGAGCCTGTGAT,1
+sample,AAAACTCAAAAACAAAAAAACGCAAAAAAAAAAAAAACAAA,1
-sample,GCCTTTGGAGAGGCAAGGACCCAGCCGGGGCATTCACAGTG,0
+sample,GGAAAACATTGCTGGTCCTGCGGCCTGCGCTATTCTTCCAC,1
+sample,GATTCTAAGTCTGCAGCTTCCGATCCAGTGCAGGCCCGCGG,1
-sample,ATCCTCTTCAACAATATACTCTCCGGACAATGAACCATAAC,0
-sample,TTTATTTTTAGAGAAAGGGTCTTGCTCTATCACCTAGGCTG,0
-sample,CACACGTATTGGAAAACCAGCGGAAGAGTAAGTCTTTGTAT,0
-sample,AAATTGTTGTTTGTGGGGGTCTGTCCTGCAGACCCCAGCTG,0
+sample,CGGCACGTGCTGGAGCTCTGCGGCAATCTGCTTCCACCCAA,1
-sample,GGGCGGGCTGACCTTGTTGACCTGCTTTGTGAGGTGGGGCC,0
+sample,TCTGGGACCTCACCTCAGAGCGATTCTGCTCTGCTTCAAAG,1
+sample,GTCTTTGACCAGCGTGCCCTCGGCAGTATGCAAACTGTCTT,1
-sample,CTGCACTCCAGCCTGGGCAACACAGCGAGACCCTGACTCCA,0
-sample,ATTCAAAAACTCAGGGTGTTCTGGATAAAGAAGACTCAGGA,0
-sample,CTGGGGGAGCCCCACGTCCTCAGTTCCTTCCTCTGCCGCCT,0
-sample,AGATGTGGTTTGTGAAATTACCAACATAAAGAAATTCATAG,0
-sample,GAGGACACCTTCCCACTTGGCCCTGAGCCTGTGGATCACAG,0
+sample,ACTGTACTCCCAGACAGGCCCGAGACAACAAGGTGGGCCCG,1
+sample,CCTCGGGCTCGCTGCCTGTACGTGTGCGAAACCCAAGCCTG,1
-sample,GCCAAAGATTGGAACAACTGCTTTGGGGCTTGGTAGGGACC,0
+sample,AGGTGGGGGCTGGAATGACGCGGCCACAAGCCGAGGATGCT,1
+sample,ATTTGGTGTTATGACTCTTCCGGGTTTTGGCCATCTTAATT,1
-sample,AAAAGGACATTATGTAAAAACTAAGAAAACCTGAATAAAAT,0
-sample,AATAAAATATATCTGAGTAGCAGCAAAGTTATTCTCAAATT,0
+sample,TTCTTGGTATCTCTGACAGCCGGGTGCTCCCAGGTGTGGGG,1
-sample,CTGGCTGTCCTAACTTATTTCTGTGCCTCAGTTCTCCCATA,0
-sample,AAATACTAAAATTACAAATACTTTGATTCCAAATAAAACAA,0
-sample,GAGTTGTGAGAGCAGAGCCACCACAGGAAACCAGGAGGCTA,0
-sample,CAGAGGACGGGCATGTCAGCCAAAGCAAAATCCACACCAGC,0
+sample,AGAACCAAAGGAAAAAAACACGTATTTGTCTCAATAGATAA,1
+sample,AGTGCTTGCACTGTGGGGCTCGTCCTCTTCAACTACTGCCT,1
-sample,GACTTCGCTCCATCTCTTTGCTCCACTGGCCTCCTTCCAGA,0
+sample,TATTTTTATTTTTGAGACGGCGATCTCGGCTCACGTTGTGC,1
-sample,GATGAGAGTGTCCACACCGGCCTCCCACACCTTCCCTCAGA,0
+sample,TTAAACAGATGCTTGAAGGCCGCATGCTCGTTAAGAGTCAT,1
+sample,CCAAGTCTGTAGACTGGCTCCGAGGTGGCCGGTGGTCTAGG,1
-sample,GTAACCCCTCAGTCACTTCACTGTGTGTCCCCTGGTTACTG,0
-sample,CCATCTCTCAACCATGGCGACGGTCACAGGAACAGAATTCT,0
-sample,GAATGGTGAAAAACTGGAAGCATTCCCTTTGAAAACCAGCA,0
-sample,CAGCTCTGAATGTCTGTCTCCTGCTCTGAATCTTCAGTGAC,0
+sample,ACAAGCTCAGGCTCGTCTGACGGCAATGTGAAACACATGGC,1
-sample,CCAAACACAACCGAAACCATCCTGGGTGGCTTAGAGGTGGC,0
+sample,AGCCTATGTGCCAATGTATTCGGTTGTATGCTGATGAGGAT,1
-sample,GGCCAGAGTATGATGCAGTGCCAGACACCACCTGTGTCAGT,0
+sample,TAAGAAAATGTCAAACCCAGCGTGACAGAAGTTTAGAAGCA,1
-sample,CACAGGGTTGTCAGGTACGACAAGGGTGCCCAGGGCTGAGG,0
-sample,CAGAACACTGGACTGGAGAGCACCTCACTTTCCTTACAGCT,0
-sample,TGGCTCACCGTTCAGCACAGCTTGGGAGGCCTCAGGAAATC,0
+sample,ACTGGGGAGGGGGGGGGGCGCGGTGGGGAGGGACAGCCCCT,1
-sample,TGACAATCATAAGGAATGGTCAAGTTCCTATGAAAAATACC,0
-sample,GGTGGGTTCCCAGTTGGTGACAGAAGAGGAGGCTGCAAAGT,0
-sample,CAGCTCCTCCTCCACAATATCCTTTCACAAGTATCTAGAAT,0
+sample,CACTTGGTCTTTCCTGATGACGCTTTTAAGAGAAAGGCAGA,1
+sample,CGCCGGCTGCCCTTGGCCGACGGCTGGCCCCGGTAGGAGAT,1
+sample,CACTTCCCAGTAGGGGCGGCCGGGCAGAGGCGCCCCTCACC,1
-sample,GGGCCTTGACTGTGGCTGAGCTCACCCAGCAGATGTTTGAT,0
+sample,GGAGGGGTGCCTGCCATTGCCGAGGCTTGAGTAGGTAAACA,1
+sample,TCACGGTCACTGGGGCAGGGCGGTGGCCTTTGGCCATCTCC,1
-sample,TGTTTATGCAGCCAGGATTTCTTAAAATCCAGTTTGTGCCT,0
+sample,TCTCCCAACAGAGTGCACTACAGCACAAAGCAAACTTCTAC,1
-sample,ACAGGCTCCCACTAGGTGGGCCAGTCAGCTCATCCCATGGA,0
+sample,TGGATATGATAGCTTCGTACCGATACACCTTCATTTCTTTT,1
-sample,TTAAAAAAAAAAAAAAAGAACAAAAGAAAAGAAGAGTAGAA,0
-sample,CAAATAAATTTCCCTATGGTCTCAGCTCTGAGTGGAGAGAG,0
-sample,GTAGCTGGGACTACAGGTGCCTGCCATCACGCCCGGCTAAT,0
-sample,AGCCAAGATCACACCACTGCCAGCCTGGATGACAGAGCAAG,0
+sample,AGGTGTGGGGGGCGGGGGGGCGGCAAACCCTAGAGTGGGGA,1
+sample,GCGCATGCGCGAAGTACAAGCGGTTTCTCCCGTCACAGTGG,1
+sample,GGGAAGCATGAGAGGAGAGCCGAGGGTGGGGAGACAGTCAG,1
+sample,AGGCCCGTGGTAGCAGCAGGCGGGGCTGGGGCTAAAAATAA,1
+sample,TTAGCTGTGGGGTTGGGGGGCGGGGCTTGGGCCTTAGTTTC,1
+sample,GGAGGCACACAGGACAGGGGCGCACCTGCGCCTACAGCGTG,1
+sample,TTCAAATGTTGTACCTTTTCCGAAAGGAAAAGTCAAATAAT,1
-sample,CCTTTAAGAAGGCCGGGGGGCGTGGCCTCGGGGCGTGGCCC,0
+sample,CAAAGAAATTGAGTGTGCTGCGTGAAATTTTACACTTATAA,1
+sample,CCTTCTCCTCTTCCAGGTACCGCATGGCCCACAAGCCAGTG,1
-sample,AGTGCGTGCTGCCTCCCAATCGCTGCCTGTCCCTCCACCCC,0
+sample,AATGGCGTGAACCCGGGAGGCGGAGCTTGTAGTGAGCCGAG,1
+sample,GCCACATAGAGGCCACTCACCGGTTCCCTTCCTGTGGGTTT,1
+sample,AAATTAGCCGGGCGTGGTGGCGGGCGCCTGTAATCCCAGCT,1
-sample,TTTATATGTATAAGCATGCACAGATTTTGGTAAATATGTAC,0
+sample,GCAGCCACTGGCCCAGAGGCCGGGGAGGGTGGGTGGAGGGA,1
+sample,CACCCATGGCATTGGATGAACGACAAAGTCACTCACTTCCA,1
-sample,CTGAACACCAAGATAAAGTGCATGCCTCTGAAGAGCTTGAG,0
+sample,CCTGGACGGGGGATGGGGGACGGGGGGAGAGTGCCTGGACG,1
+sample,TTTTTTTTTAATTTGCTTGACGGTGCCTTGTAAGTCTCTTA,1
+sample,TTACTCGGGGTTGAGGGGGGCGGGGGCGGGTGGGGAAAGTA,1
-sample,GACTCCCTCTAACCTGCTTCCTAAATTAGTGTGTGGGTGAC,0
-sample,CAGGTGTGGAGCAGGCCAGGCCCACAGGAGGGCGGGCAGGA,0
+sample,CCTATCACTGTCATTTCTCACGGGGATTATTATCCCAACAG,1
-sample,CTCGGGCTGTTCATGCCTGGCTGTCAGAAGTCACCTCCTGG,0
-sample,CCAGGGGCCCCCAAGAAAGGCTCTGGTGGAGAACCTGTGCA,0
+sample,AGGGGTGGGGGCGGTGGGAGCGGAGCAAAGCTGTCCAGTCC,1
+sample,CCATCTGGTTTCCATCTGCCCGGCCCAGCACGGCCCAACTT,1
-sample,ACATATTCTTTCTCCTTGAACCTGGGTGGGCTCTTTGACTG,0
+sample,AGGGACAGGGCCCGGGGCAGCGGCCTTCCAGAATGGCTCCC,1
-sample,ATTGGTTAAAAACCAAACCTCTGGTTCCCCTTCCAGACTGA,0
-sample,CTCCCAGCAGGGCTTAAAAGCAAGACCCCAAAGGACCAAAC,0
+sample,CTGCGCGTAGGGACTCGCCCCGTGCTGGGGACGCTCTGGGA,1
+sample,GTAAGGATGTCTAGAAGTACCGTCATTAGCTAAAGAGATTT,1
-sample,TTCAAATTCCCTATTTCTATCTCTTCCTGAGGAGGGTAACC,0
+sample,ATGCAATCTCAATAAAACTACAAAAATTTTTTTTTGGTGGA,1
-sample,CTTGCTCCTTCCTTCCCTCCCTTTCTGCCTCCCTCCCTTTC,0
-sample,GTCATCAGGGTCCCTCCCAACACTAAGGCTTTCCTAGGCAG,0
+sample,CAGGGAGGGGAAGGGGGCTTCGGGGCTGAGCTCTCTGGGAG,1
+sample,GTCGTTGAGTGGGGGGAGGGCGGAGGGATAGCATTAGGAGA,1
+sample,AGAGGGATGGAGAGAGGTGCCGGGAGCCTCTAGCCCTCTCC,1
+sample,TTCCTCTGCTCTTCCCAGAGCGTCTGGACCAGCGTATCCTC,1
-sample,ACCGCCTCCCACTCCCCCCGCCAACCCCGGGAACCGCCTCC,0
+sample,GCGAGGCACCAACCCAAAAACGAGGAGGTACAGGGAGATTT,1
-sample,GGTTCTGCCTCCCGCCTGGCCAGGCCATGGTGGGGCGGGAG,0
+sample,TACACACCTAGGTGGCTCCACGTCTCCTCCCTCAGGCATCC,1
-sample,TCTCAGGTATGGTAATTAGACCTGGCTTTAGGTAAAGCTCT,0
-sample,GTGTGAGCCGCCCCGGTCTTCAAGTATTTAAAATGTGCAGT,0
+sample,AATCTGATTCTGATTGGTAGCGAAAATTAACAAAAAGATAA,1
-sample,AAACATGGCTGATGTTTATACAAACAACAGAATTTGCCGGT,0
+sample,AAAATATCTGGGGCAGGGGGCGGGGCTGGAGGGGTACAGGT,1
+sample,GAAGCCGCCTCGCTGCCTGCCGATGCACTGGGAGCCCCGTG,1
+sample,TGGTCTCTCAAACAAACACTCGGAATTCCTTCTCCCTGTGA,1
+sample,CTCCGGTCTACAGCTCCCAGCGTGAGCGACGCAGAAGACGG,1
-sample,ATACAAAATCTAGATTGGATCAATAATGTAAATATAAGAGT,0
-sample,AACAAATCCCTGTGACAGAACCCACGAAGTAGAGGTCTCCT,0
+sample,AGAATCCTAGCTTGGTTCATCGGGTTAGATAGATTGGGGGG,1
-sample,ATGTCCCTCCCTCCCTCCCTCCCTCCCTCCCTTCCTTCCTT,0
+sample,GGTCCTACCCCACGGAGTCTCGCTGATTGCTAGCACAGCAG,1
-sample,CGCTGAGGCGGTTAGTTTAGCCTCCCACCCACCAGACAAAG,0
-sample,GGGGAAAACCGGGGTGTCTTCTAGGCTGGACCTGGGGGGGC,0
-sample,GGCTAGGCACCACCCAGGCTCATGAGGTGGCTTTGTGGGGA,0
+sample,GGAGGGCACTTGCAGATGGTCGATCTGCCAGGGGACCTTCC,1
+sample,CAGGGAGCCTGGCAGCGGAGCGAGGCTGGGAGACCGGTTGG,1
+sample,CATCTTCCCCCGCAGTTCGGCGGAGAAGGCGCCTCTTCCCT,1
-sample,TCCAGTGAATAAAAATTTTTCCAAACAGTAATTTTAATGAC,0
+sample,AGAACATGCCTTATTATTGTCGATATTCTCAACTACTTGGG,1
+sample,GACCAACAGAGGAAGTGCAGCGAGCAGCCCTGCCCTGCCAG,1
-sample,AGGTGGGAGGATTGCTTTAGCCTAGGAGGTCAAGGCTGCAG,0
+sample,GTTTTCGCCCCTTTTCTCGGCGGTAGCAAAACCTGCTTTGT,1
+sample,ACTGATGGACAATAACAAAACGAGTGTTTAGCATTAGCCAT,1
-sample,TAACAGCCCTCAAAATTTTTCATTCAGTGATGTCTTCCTCA,0
-sample,AATGTTCCCTCTGATTCTGCCATGAGCCCCTACAATCTATT,0
+sample,GATTGGTGCATTTTACAGAGCGCTAATTGGTGTGTTTTACA,1
-sample,AGCTGAGCAGCTTCAGAGGGCTGACTGCAGAGACCAGGAAG,0
+sample,TTTCTCAAGGCTGCTTCAAGCGGGATTAGGGGAGGCGTGGG,1
+sample,TGAGGGAGCGACTTCTTCCTCGGTGTTTGCTTGCTCTGGGT,1
-sample,ACGAGGGGAGCTGGAGGGAGCCCGGGACCCGGCGCGGCCTC,0
+sample,AATACAAAAAATTAGCTGGGCGAGGTGGTGGGCGCCTGTAG,1
-sample,GCAACAGAGCAAGATGCCATCTCTGAAAAGGAAAGAAAACA,0
-sample,ATGTTTATTGCAGCACTATTCACAATAGCAAAGACTTGGAA,0
-sample,CCACACCCTAGCCTGGATGACAGAGTAAGACCCCATCTCAA,0
+sample,CCTCCCCGCACCGGGAGCAGCGAGGTGGGCGGGAAGCCGCG,1
-sample,GCTTAAGCAGTTAAATAAGGCCATGAAACTTTCTTGAACCT,0
+sample,AAACCTAGGTGGGTGCGGAGCGGAGTGACCCTGCCCTAGTT,1
+sample,CCCTTGCCTCGGTGTGGTGGCGTCCCCGCAGGCTGCAGTGG,1
-sample,TGAATTACTAGTAATTGACACTGTTAACTAGTCCTGTTTTT,0
+sample,CAACTGAAACTCATCACCAGCGGCAGAGAGGGCAGATCTTC,1
+sample,GGAGTGCAGTGGTGAGATCTCGGCTAACCGCAACTTCCGCC,1
-sample,CTTAATTCACCAGTGCTTAGCTGAGTACCTGGCATAAAATA,0
-sample,TGCCCCACGTGGGCAGGGATCAGCCAGGCATGGGGGTCCAG,0
+sample,GGGCATGGATCTGGGGGAGACGTAGCCGGAGGAAAGTGGGT,1
-sample,GAGGGAGTTGCACCCCTGAGCTTGACCTCTGACGGTCCTTT,0
-sample,TTCTTGACGCCGGGTGGTCCCAAAGGCTTCTGCGGGGTGGG,0
-sample,TTAATGTGCCTTTCTAGTAACAGGTTTTTAGAAAGTCAAAT,0
+sample,TCCTTCCTTCCCACCGGCGGCGCCATCACGGCTCCCTGTGC,1
+sample,GTTAGAAATGCAGGTTCTCACGTCCTGCCCCATCCTGCTGA,1
+sample,TGTTCTCTGGTGGGCAGGGGCGGGGGTCACAAGGTGCTCAG,1
-sample,CTCTCAAATCTGTATGGAATCACAAAAAACTCTGAAAAGCC,0
-sample,CGGGGGAGGCTGCTCCGTTACAGGTGGGCGGGGGGGGCGGC,0
-sample,TCGGGGTCTCTGTCCTTCAGCCGAGAGAGCTGGTCTTTGTG,0
-sample,TCTGCTCTTGGGTGCCAAGGCCACCGTCAGCCAGGAGAGGC,0
-sample,TCGTGACTCCATATTCAAGGCCAGAAGTGCAGCATCTTCAA,0
+sample,TGGAGACTTCTCATGAGCACCGATGGCTGCTTCCTGCTGAG,1
+sample,GGAGTATTCGGCGTTGATTGCGGGGCACCCGAAATCAGACT,1
+sample,CTCCAGCCTGGGCAACACAGCGAGACTCAGCCTGAGGGGGG,1
-sample,CTATTTAAGAGCTTCCTCTCCAGTTGAGCATGTAAGAAAAT,0
-sample,TCATTTATTTGTAAAATTTACCCCTAATTTATTCATAATTC,0
-sample,CTGGGAGTCCTCTGGCCTGTCCGCATGTCTCCACGCTGTAA,0
+sample,CAGGTCAGGACAGCCCTTCCCGGCCTGAGCCTCTCCAGCTC,1
+sample,GGACAGAGGGGGCCAGGCAGCAGCTGCAGGAACCTGGGTAC,1
-sample,TAGGATAAACCACACTTGGCCGAGGTGTACTGCCCTCTTAG,0
+sample,ATTTTAGCAAAATTATTTTACACTTTTTAAAACTTTAAAAT,1
+sample,AACAACACTTAATAAAGTACCGAAAGAAATATTGAAGGCTC,1
-sample,CTAATATGACAGAAGTAATTCCTGAGTTGCTTCTGAAACCA,0
-sample,TCTATGGTGCTTTGTTATGGCAGCTCCAGCAAGCTAACCTG,0
+sample,CCCACCACGGGGAGTTTCCACGGCAGCTGGCCCTCTCCTGA,1
-sample,AGGCAGAGGAGGCGTGAAGACCGAGAGAGGGCTGTGAGGAC,0
-sample,AAAAACAAGCAATGGGGAAACGATTCCCTTTTTAATAAATG,0
-sample,CCTAAAATGAAACACCAAAACCATGAAGAAGTCACTGAATA,0
-sample,AACAAAGCGCAGCCTCTTAGCAGCTAGCAATCAACTCCTGT,0
-sample,TGTTACATACTAGGTATACTCAATGAATATTTGTTGAATAA,0
-sample,TCACAAGAACACTTGCCTAGCAATGGCTGTTTCTGCCAGTA,0
+sample,TGTGCTCTGCTCTGTTGTTTCGTTGCCACAGCTCTGCAAGA,1
-sample,CCTAAGATTCCAGGGAACATCCCCACAGCCTCACAATAAGA,0
-sample,GGAATCCTGCCCCAGGACCACCCACAGAGGCATCCTGAGCT,0
-sample,AGAAGTAGCCCAGCATTTCTCCAAGGAGGAAATACCAGAGT,0
+sample,CTCGCTCCAGGGGTGGCAGCCGCAGCCTCTGATGTCCCAGG,1
+sample,GGGCGCCTCTTAAGGCCTATCGTTCCCATCGCCCAAGCTCC,1
-sample,GTTAAGAGAACATTCCCCACCTTGCCAGGGGTGACAAAGCA,0
-sample,GAAGGCAGAGAATGTGGTGACCTGAGATCACGTCATTGCCC,0
-sample,GAAGACAGTTGTTAGAGAAACGTTAGAACCAACTTCCTTTT,0
-sample,ATAATCTGGAGCTGATGGCTCTTAAAGACCTGCATCCTCTT,0
-sample,AATACAAATTTTAATTGTAGCCAGTCAATTCAGGAAGGATA,0
-sample,ATGGATTTTTTAAAAATGATCCAACTATATTGTCCACAAGA,0
-sample,GGATCTCACAGGGTTGAGATCGGGGTAGCCAGGGTTGCTTC,0
-sample,CTGAGTTAGTGCCATTTAACCTGAATTATGATAGACGATAA,0
-sample,ACAGAATGGACATCACGAGGCATACATAAGCATAGAGGTGA,0
+sample,GTTGAGGGAATCTGGCAGGGCGCTGAGAAGTGTGTCCTGCT,1
+sample,ATGTATGTAAATCTTTGGAACGGCTAAATAGCCTCTGATCA,1
-sample,GAGCCATAGCACCTTTGTCTCTAACAGCCGATACACTCAGA,0
-sample,CTTTTGGTTCATGAAGTTATCCATTTCTGTTTTCTGGAACA,0
-sample,TGTGCTGTGAATGGAAACTACAAACCATTTTTGATATATGC,0
-sample,GAATGAAAGATACTTGTATACCCACATTCATAGCAGTATTA,0
-sample,AATAGCCAGGTATAGTGGTACTTCTTGTAATCCCATCTACT,0
+sample,TGACATTCCAGACACGACAGCGAAGACAGACAAAAGCGAGT,1
+sample,CACCCTCCTGCCAGCTCACCCGAGTTCCCCATTGGCGGCCA,1
-sample,AGATGGGAGGATTGCTTGATCTCAGAAGGCCAAAGCTATAG,0
-sample,GTCTCTGAAGTGGGTAATATCCTCTGCTTATAATATGCTTC,0
-sample,CTTTGGTTTTCAGGAAAGGTCCAGAGAAAACACGCCCAAAC,0
-sample,ACCAGGTCTGAGAACAGCAACTTCCAGCCACGGCACCCCAC,0
+sample,CCCCCTTCCCCAGTGAATGCCGTCCCAGGCTCCTGCCTCCT,1
+sample,GTGACATTTGGGACTTGCCACGCCAAAAGAATGTGGGAGAT,1
-sample,TGAGCTCACATCCTGGAAATCACCAGCATCCCATATCCCAT,0
+sample,GTCTTCCTCCAGGGTAACAACGATGATCTCATCCTGTCCTG,1
-sample,TCAAAAATGGCTTAAGCCTGCAACATGTTTCTGAATGATTA,0
-sample,TCCATGTGGGCCAAAGGCAACCTATCCAGCTCTTCAGAATG,0
-sample,GACAGCAGGTAAAGAGTGAGCCACAATCAGCATTTTCACAT,0
+sample,TGCCTCACCCTGCTTCGGCTCGCGCACGGTGCGCGCACCAA,1
-sample,CCTGAATAAATCCAGGAAGCCTAAGAGTATGACTATCCTGA,0
-sample,TATCCAGAGCACTGAAGAATCTGGTGTAGAAACTCCATACG,0
+sample,AATCACAGACCTGGGAACGCCGTTACAGTGGCAAAGAATAA,1
-sample,GATGCAGCCGGGAGGAAGAGCTGGGCCCGGAGGGGGCGCCG,0
-sample,TGGGCAGTTCTGGAATGGTGCCAGGGGCAGAGGGGGCAATG,0
-sample,AATGTGGCCTTGTAAGAAAGCAAATTAACTTCTAACATACA,0
-sample,ACAAGCAAATTCCAGAGGATCAGCTTCAGGGTGGCAGAATG,0
+sample,CCCCCTCCCTGGCAGCACCTCGAGCAGAAGGCCGAGTTCTG,1
-sample,GTTGGGGGGCCTGGGGCTTGCAGTGTTGCAGGTGAACTCTA,0
-sample,AGAACTCTTTCTGTGCACGGCCCAGCCCCCTAGCGGCTCTT,0
+sample,TGCATTGCTGTTGCATTGCACGTGTGTGAGGCGGGTGCAGT,1
-sample,CCCACTGGACAACCCGTGTTCTTGCTTTTGGGGTTTCTGAA,0
-sample,AATAAAAGAGCACAGCATTGCAGCTGTTGAATATAGGCAGT,0
-sample,TTCAGCTCAGGAAGATGACTCAGGGCCTTATCCATACCTTC,0
+sample,GGAATTCAAGACCAGCAACACGGTGAAACCCCCCTCTACAA,1
+sample,CTGAGGCAGTCTGGTGCCTACGGGCGGGCAGGAAATGAGGC,1
-sample,GGGGGACCCCTCACAACCGCCACCGCAGAGCGAGGCAAACC,0
+sample,TCAGCTCCTGAGGACGCTCCCGGAGACTCGGGCTAGTTGGG,1
-sample,TAGTAAACAAAAAGTATTTTCAATATACAATTAAGACTGAA,0
-sample,GGCACCCAGCACAGAAACCACCAGGAGCCAATGACTTCCTC,0
+sample,TCGCCTTGTTCTCTGGTTTGCGGCTTTCAGGAAACTGCTGG,1
-sample,CACCCGAGGCGGCTAAACCGCTGTTGGAGGAGCTCATGTCA,0
+sample,ACCTGACCCTCTCCCTCCTGCGAGGCCCCACTCAGATGCCA,1
+sample,AGAGGTGGCTTTTCTTCCTGCGAGCCTGCATCAGTACACGC,1
+sample,GACGGGGAGAGAGAGAGAGACGGGGAGAGAGAGAGAGACGG,1
+sample,CCCCCTCTGTAAGTCTCTCTCGCCCAGGTGTAGGATAAGAA,1
-sample,TCTCATATGTACAGGGAGAACGACACTCCATGCAGCTTAGC,0
-sample,TTCTCGGCCTATCCGGAATGCCCCGACGTTACTCGGACTAT,0
-sample,TTCTCTCTGGCTGCCCTTAACATTTTTTCCTTCATTTCAAC,0
+sample,CCCCTGCCAGCCAGGAGGAGCGACTGCAGAAGACACAACCC,1
+sample,TTCCCAAGCCTGGAAGCAGACGAGCTCTGGTCTGTTGAGGG,1
+sample,TACAAGTGAATCTCTGTTCCCGAACCCATTCATTCTCCCTA,1
-sample,CTTAAAACAGCAAAGAACAACCCATTTAAACAGCAATGCCA,0
+sample,TTTCCAGCTGCAGCTGCAGCCGGGGCCCTGAGTGCCTGCTC,1
-sample,GGGCCACCTGATCCAACGTCCACTCCAAGCAAGCCAGAGCC,0
+sample,AGGGAGACAGCGGCCAGAGGCGGGGCCGGCCCAGGGGGCTG,1
+sample,GGGGGGGAGGCCGCCTGAAGCGGATATGCCTGTGACTGGCG,1
-sample,TTGAAACAGCTGTGTGACTTCAGGAGAGTTACTTGACCTTT,0
+sample,GCCAGTAATATAACAAATAGCGAAAGCTATTTGTAAAAAGA,1
-sample,GGCTCAAGCAATCCTCCCACCTCAGCCTCCGGAGTAGCTGG,0
+sample,CCACCATCTGTCATGCTCCCCGTGTCCTCCCACAGCAGTCC,1
+sample,GAGGTGGGGGCTGCAGTGAGCGGTGATCACACCACTCCACT,1
+sample,CCCAAAACATGTTTTTTTGTCGTTCTTTGAAATGGCCCTGC,1
-sample,CTCCTGATACTCTCTCCCTACCCGCTTCTCTGTGGATTCCC,0
+sample,TTGTGGCCCCCACCCAGGAACGGACTCAGCTCAAGAAGAAA,1
-sample,CTGCCCCACAGAAGCTGCTCCTTGGTATCCGAGCTCTGGAG,0
+sample,AGTGTGTAACTCTGGGTCTCCGGTGGGTCTGAGTGGTCTGC,1
+sample,AGCATGAGTGATGCAGAAGACGGGTGATTTCTGCATTTCCA,1
+sample,AATAAAATCTTATAGACAAACGTATTTAATCTCAATCAGTT,1
+sample,TGTCATCACTCAGGGGGTGTCGGGCAAACTCTGGGGGCTGT,1
-sample,AGCTGCTGACTAGGTGGAAGCAGACTGGCTCCTTCAGTGGG,0
+sample,TCCTTGCTGTTTCTTACTATCGATCTAGGATAAAATGTATT,1
-sample,TCAATGGTAAAGGTTCAGGTCGGTGGACAGACTGGACTTGG,0
-sample,AAATATCAAAGAGAAAATGTCCACATATGATGTTAATTGAG,0
-sample,GGCTCCCTGGGGGCTACCCACACTGTGGATTCCACAGGTGG,0
-sample,GCCATTCCCCAACGCCCTCTCCCTCCCCAAAAGCAGTGCGC,0
+sample,CCAAGGGAAGCCATGAGGGACGGTGCTATCTGACCCACATA,1
+sample,CAGGAGTGCATGTGGCCATTCGCCATGGCTCTGTCTCTCTC,1
+sample,GGGGCAGTGGTTTCTCATCACGTGTGGGTTGGCGGGGGGCG,1
+sample,ATTTTAATAACGTTTCATAACGTTTCTGTACAGGCTTTATT,1
+sample,TTCTGCCAGGCACAGAGATCCGCGAAAATGTGCGGGACTGG,1
-sample,CTATTTTTTTATCCTTCATTCTGTTAATGTGGTTTATCACA,0
+sample,TGGGCGAGATCCTGGCAAGCCGCGGGGTGGGGGGTGGGGGG,1
-sample,GCATCTGAAGACAGTAAAAGCAGAAGCTCCAAGGCTTCTTA,0
+sample,GGCCCACTCCAGGGAGGCCACGGGACCAGGGCGGCAGAGGG,1
+sample,TCTTCTTTCTCCCCTTCAAGCGCAGGAAGGGGTATTCTCTG,1
-sample,AGAAGGAAATAAAGGGTATTCAGTTAGGAAAAGAGGAAGTC,0
+sample,TGCTTCCCATGAGCTCCTGGCGCTACTACCAGGAACTCCCT,1
+sample,GCATTAAATGAGGGCAGAGGCGATATTATTTATTTCTAACT,1
-sample,TCAATTGGGGCTTCATTTTACTGGCCCTATTTGAAGCAAGT,0
+sample,CCTGCTGTGAACCAAACAGCCGATGGACAATTACCTGAAAA,1
+sample,TAAAAGCTGTTTGAGTAAAGCGTTAGCTTTTAAGCATTTAC,1
+sample,CCCAGGAAGAGGAGGCGGCCCGGGAGGCTGAATCCACCCAG,1
-sample,ATATGGCTAGCCGGTTTTCCCAACACCATTTATTAAAAAGG,0
+sample,ACACTCTAAGATGCAAACTACGATAGTAGTTGAACGGTTTT,1
-sample,CAGGAGTGCGCGGGGCAGGGCCCGACCGCTCAGCCTCCCCG,0
+sample,TCCTGGCCAGGTGGTGGCCACGATTGCGGGTATAGATAACC,1
+sample,ATCTTCTCCGTGTGAGACACCGAACCCAGGGTATTTACCCC,1
+sample,CCAGATGGGGGACATCCTTACGGCTGGGAGACGTAAGAGAA,1
-sample,GGCTCATTTGTAATTTTTGTCACTATAGACCAGTTTTTTAT,0
+sample,GAACCAGGCTTCTATGAGAACGGTAAATGGAACACAGCAGG,1
-sample,CTCACTCTCTAGGCCCCCAGCCCCACACTGCCTGGGGGCTC,0
+sample,ACTGGTGGGGACGCGGGGAGCGGCCCAGGCCCCTGCCCCGC,1
-sample,TGCATGTGTCCCCCAGAGCTCACGTGTTGAAAACTTAATCC,0
-sample,TATGGGGGCTATGGGGATTACAATTCAAGACGAGATTCAGG,0
+sample,CTCATCTGAGAAAAAGAGAACGAAGTATTGTTCCTGTTCTC,1
-sample,TATAATCTGCTAAGGTAGATCTGATCATTGTCTCCAATTTC,0
+sample,TGGAGAAATCTAGTAGGTGCCGTGAAACAAACCTGCCCCTT,1
+sample,AAACTTTGAGACATATCTTACACCGCTTTAAAAATTAACTG,1
-sample,ATTCACCTGGAAACCAGACTCAATCAAATCTCCCTGGTCCC,0
+sample,CACCTGCGCCCCCTCCTCTGCGCGGCCTGAGACACAGACGT,1
+sample,AAAAAAAAAAAACATACCTACGGTGCCTTGCTGCGTGGCAA,1
-sample,AGCAGGCCGAGCCCGGGTGGCTGGAGAGGGAGCTCTGGAAG,0
-sample,ACCGAGGGGGCCCAGGAATGCCCCAGCAGTGGTCTGGAAGG,0
+sample,AAAAAAAAAAAAAGACAAAACGGAAACATTGAAGAATTAGG,1
+sample,AGTTGGGCCTGCAAAGTCCTCGGTGTGTGGCGAGCACGTGG,1
+sample,GCTAGAGAATGGAGTGGGTGCGGAAGGAGGTGAAGCTGGAG,1
+sample,GCTCATTCTCTCCATCCCCACGGGACACAGGAAATGCTGGC,1
+sample,CGACTTCCCATTGCCTGCGCCGTCCAATCCTGATTCTTCTC,1
+sample,CGGGCGCAGGGGTGCAGCCCCGGCTCACAGGCTCCTGGGAA,1
+sample,CATGAATTTTGGTGGGGACACGTTATATCCAAACCACAGCA,1
+sample,TCCTTTTGACAGGGAGGATGCGAGCTCCCGTCCAGCAGGAA,1
+sample,CACGGCACTGCTTCTGCTTCCGAGCTAGGGCCGTGAGCCAG,1
-sample,TTTGAACACAGGCCTCCTAGCACACAAGCTCATATCTTAAC,0
-sample,CACAGAAGTGGAGCCAGAGTCCTCTCCACATCTCCTCTGGG,0
+sample,GGAGAGTGTGGGGGATAGCGCGGCTGCATGGGGATAGAGAG,1
+sample,TCACTTCCCAGACAGTGCAGCGGCCAGGTTAGGGGCTCCTC,1
+sample,CACTCTGCCGCCGGCGCCGCCGCTTGACTTCCTGCTTGCTT,1
-sample,TAAATGGAATGCTGGTAGAACACAGGGCCCAAAGGAGCAAA,0
-sample,ATCCTTGATGAACATTGATGCAAAAATCCTCAATAAAATAC,0
-sample,CCCAGGCAGGTCCCGCCGTGCAGGGGGCCAAGGGCCACACC,0
+sample,AACCATCCCATGCGCTCCCACGGCCTCTCAGAAGAGCTCAG,1
-sample,CTACTCCCCACCCCCGTCCTCCTCCTCCTCTTTCCATTAAG,0
+sample,TGAATAGCCAAACATGACTCCGGCTTAAGGCTTTTGCTTTC,1
+sample,AAGTAAAAAAATTAGCTGGGCGTGGTGGCATGTGGCTGTAG,1
-sample,AGAGAGCAGGGCACCCAGCACAGAAACCACCAGGAGCCAAT,0
-sample,ACTAGAAAATTTAATAAATACTGTCAGATTTGTAGACCCAA,0
+sample,TATGGTGGCTTTTCTCTCTGCGGTGTCTGAGCCCCAAATGC,1
-sample,CCCCTCACAGCATCTGTATGCCAGGCCCCCTCATCAACACC,0
+sample,TGCCTTAAGAATAAGTGGTACGCCATATATTTGTGTGTGCA,1
+sample,CCACCCCCATACAGAGGGGCCGGGGGCTTCCTAGAGAGGAC,1
+sample,TCTTTCCCTGTTTGGGTGAACGGCTGCTGGCAGGGCCACGG,1
+sample,CCCCTGTACAGAGACGGGGGCGGGGGCGGGGTGGGGGGTGC,1
+sample,GCCCTGTGCATTGCCCCTGTCGCTCTCTTTGTCCCCTTTCC,1
-sample,GTGACAGAGTGAGACCCTATCTTAAAAAAAAAAAAAATTGG,0
-sample,GTCTTAGTGAAAGGTGACAACATGCTAGCAGCCCTCACTCA,0
-sample,CTTTTTATGGCTGAATAATACTTCATTGTATATAAGTACCA,0
+sample,TAAAAACACAAAAAATTAGCCGGGTGTTGTGGCGGGCGCCT,1
+sample,CTGCAGAAACACCAAGCTACCGGTGCGCCCAGCGCACCCCA,1
+sample,TCCTTTTCCCCTGCAGAGCACGGTCAGTGAATCCACTTTGA,1
-sample,GTGCACACCCGTAGTTCCAGCTACTTGGGAGTCTGGGGTGG,0
-sample,TGTTCAGGCGGAACCTCAAGCTTGAGAGTGCTATGAAATAT,0
+sample,GTTCTTTCCTCTGGAAGCTTCGTCCCAGAGGGCACCCGCCA,1
+sample,ACTTACCAGGTCTGTCCCTGCGGCATCCAGTCTGTGGGTCC,1
-sample,GAGGCTGCCATTTGTCCTGCCCACCTTCTTAGAAGCGAGAC,0
+sample,TCCCCTCTCTGAACCTCAAGCGAGGGGAAGGTTTGTGGGGG,1
+sample,TGTGCTCCTGCTGGATGTCTCGCTTTTCCTGAGCACGATTT,1
-sample,GATGTCCTCACTACTTAAAGCAATTTATAGATCTAATGCAT,0
+sample,CAGGGCTGCTGCGGCCGGGCCGGGGACACACAGGCATCCTG,1
-sample,CACTAAGATTTGGGCAAAAGCTGAGCATTTATCCCAATCCC,0
-sample,AGGGCCAGAATTGGGCAATTCCGGGTGACATCCAGGTGTGG,0
+sample,CAGGCTTGAACCACTGTGCTCGGCCTATTTTGGGTTTTTAT,1
+sample,GCCTCCCCACTCCCTGTGAACGCAGTGCCTTTGGCCTCCCA,1
+sample,CACGGCATAGTCACAGAGAACGACAACACCGTGCTCCTCGA,1
+sample,CTGGGACAAGTTTTGATTGTCGGCAAAGGCCTTTGGTGCCT,1
+sample,TCAGCTCACCTGCACCCAGTCGAAATAAACAGCCTTGTTCA,1
+sample,CCTGGCTTCCTTCCATCACACGGGCAGAGGCCGCCCACCTA,1
-sample,AGACAGAAACCAAAGTTTAGCCTGAGGCTACAATTAATTGG,0
-sample,ACACCAAAGCATGTTAGCAGCAGTGAACCTCAATTTTTCCC,0
-sample,CTATTTTGGCTCCACTTTAACAAAATGAATAAGTGAGAAGG,0
+sample,CTGTGGCCGGCAACCCTGCCCGGGTGCTCCTGGCTTCTCCC,1
-sample,CACTGTGCCCGACCCCGTCCCCGTCTTTCAGTCAAGACCGT,0
-sample,TTTTTTTTTTGAGTCAGAATCTCGCTCTGTTGCCCAGGCTG,0
-sample,CCGTGTGCCCGGACGTCGGCCCCCGGCCCCCCAGCAGCCTC,0
+sample,TTTTTTTGGAGAGAGTGTAACGTTCTGTTACCCAGGCTGGA,1
+sample,TTTTTTTTAAATCACATATGCGTGTATTCTGAAAACAATAG,1
-sample,GAGAATGTCTTCAAGAAGTTCGACGGCCCTTGTGGTGAGCG,0
+sample,TTGTGATAGTTCTCCTTTAACGTTATTTTAAAATATCACTT,1
-sample,CTCTAAGCCTTTTTCTTCCTCTGCTATTACCCAGGCACCCT,0
+sample,GGGGGCGGTCAGAAAAGGGACGAGGACGAGGACGGGGACTT,1
+sample,TCTGGGGACTGTGGTGGGGTCGGGGGAGGGGGGGAGGGATA,1
+sample,CACTCATGGAGGTCTCAGGTCGCGGCCAGGACAATCTTCAG,1
+sample,ATTCTCTCCAGCTGCAAGGCCGAGGCCCCGCGGTCGCTCCC,1
+sample,CTTTAATGCTTGTGGGCATACGTTAGTATGCTAAATATAAA,1
+sample,GGCAGCGAGAAACACAGGCCCGGAAGAATCCCAGGGGCACA,1
-sample,TGAGGAAGGGGCTGCTTCTCCCGGCTTTGTTCTCAGGGGAG,0
+sample,CCAGTGAGGAGGGATGGATCCGGCTCCCACCTAAGGAAGCA,1
+sample,ATCGCTTGAGCCCAGGAGTTCGAGGATGCGGTGAGCTATGA,1
+sample,AAGGAGGCACCAAGAATGAGCTGAGGGCTGCCAGGGCTGCC,1
-sample,CCGATTGGTAACAGGTTGGTCAAAAGTATGGTGACAACTTA,0
-sample,CAGCGCCCGCCCTGGAGGACCTCCCGTGGACAAGCCCAGGA,0
-sample,AGCCGCGCGCAGCCCCGGTTCCCGCTCATGCCTCTCCCTCC,0
+sample,TGAGGTGAAAGAGTGACAAGCGATAAAGGAGAAGGGATATG,1
+sample,ATTCCCGCTCACAACAGTATCGTCAGGTTACAGGTATGGGC,1
-sample,TGACTTTGCAAACGGAGGTGCTGAAACCGGGTGTCTGGAGC,0
-sample,TGATCCATCTACCTCGGCCTCCCAAAGTGCTGGAATTACAG,0
+sample,GTGCTGCAGGGCTGCGGGCACGGGGAGTCTGGGGGGTGCTC,1
+sample,CCACAAAGTTATTTGACAGGCGTTCCCTCCGCCTCCCTTCT,1
+sample,ACGACCAGCGCCTGCAAGCACGGAAGAGCCAGCATTTACCC,1
+sample,ACAGCTGAGGCCTCGGGCGCCGGGGATCCTGCAGACTGTCT,1
-sample,TTGTTTAGGGGAATAGTAAACTGACATGACCCTTGAGGTAG,0
-sample,TTGTTAATATGGCTATGTCTCACTTTCAGGACACCTTTTAT,0
-sample,AAAAGAATAGCAGCCTCAGCCCTGAATTCCACTGTAAGCTT,0
-sample,TCCGCTCACTCTGGGGCATGCCTCGGGAAAGGGAAACCGAA,0
-sample,TTCCTTACAGAAAAAAAAAACCTGTAAATAGTAATCCACAT,0
-sample,GCTGCACTGGTGCAGGGTGGCCACGGGGCCAGTGGGCGTCG,0
+sample,GGGAGTTTGCATGGCTTACCCGAAGGTCACTCAGCATATGA,1
+sample,TTCCTTTCATGACATTTTTGCAATACCAAAAACGTCTTAAA,1
+sample,TTTAACCTCTTTGTGATTCACGTTCTACGTTGGTAAAATTG,1
+sample,CCCGGAGCTGCGCTTTGTCGCGGAAAGCCAAAAGCCGCTTC,1
-sample,TCATTAGCACTAATTTTGAGCCAACTAACTAATTAATATGA,0
+sample,ACAACAGAGGGGTCGAATGCCGGGATTGATTACTCTGGTGA,1
-sample,CGCGGGGTCTGGGAAAGTTACCACCTGCCCCGGCCTCAGCT,0
+sample,CAGGGGACTCTCGGGGCCACCGCTTGGGCCAGAGGAGAGCG,1
+sample,CCGTGCTCTTCCCGGTGCACCGGCGAGGCCGTTTCCGCCGT,1
-sample,AATGGTAATGCTTATCTGTTCGTGGTAGAAGTGTAAATTGG,0
-sample,GTCGGCTCCGCCTCTTGTGTCTTCCAGCCTGACCTGCTGGC,0
+sample,TGTGTCCTCCAGAGGGGCGACGTACTGCCTCTTCGTATGGT,1
+sample,TGCCCCCTGATGATGTGTGGCGAGCCCACATCATCAGGACT,1
+sample,AGTGAGATAAACAGTTAAGACGTTCACCAGTTCCTGTGGCA,1
-sample,GGAAGGTGGTGAGAGTTGGACGTGGTGCTGGGCGGTCTCTG,0
-sample,CAAGAAGGGAGCCCTGCAGTCCAGAGCCGCTCAGAGACACC,0
-sample,TCCAAATTTAACAAAGCAGACTAAGAGAAACAATTCATTTA,0
+sample,CGGGAATGAAGCCCTCCAATCGTGGCTTCCACCCAGTGACC,1
+sample,ATTATGCCCATTGCCACTCACGAAAAGGCCTTGAATAAATA,1
+sample,GAGCATTGTGTTCAGTTTGTCGACTCAGCAAAACAGGCCCG,1
-sample,CTGGAGAACAGCACCTATGACTACCACGAATGCCAACATGC,0
-sample,TGCAGTTCTCATTTTAAAAACTGGCTTGCTTATTGTATATT,0
-sample,CACCGAGAGGTGCGGATGGCCTCTCAGAACAGGGGTGCAGG,0
-sample,AACAGACAAGCTGGGAGTATCTAGACACCTGACCTCAATAG,0
+sample,TGCAGAGAGCTCAGTGAGGGCGGCCCCAGGAAGGCCCTGCA,1
+sample,GCACGAGAATCGCTTGAGCCCGAGAGGCGGAGGTTGCAGTA,1
+sample,CCATCTGGGCGTCACAATCCCGGACAGATAGCCCTGCGGCT,1
+sample,CTTTGCTTCTTCCGGTAACACGAGCCTTCTGCAGCACTTCT,1
+sample,GGACTGGCCTTTTCCTTCTGCGCTACAGCAGTGCTTCCTCC,1
+sample,GACCTCTTATCTCTGTGCCCCGATCCCTTATTTGCATGCCC,1
+sample,AGCAGGCACTTCTGAGCCTGCGGGGCACTTCCTGGGTCCCT,1
+sample,AAGTTAATTGGGATAGTTATCGCATAACCATCCCAATAATA,1
-sample,CCTAGGAACTGAGACTACAGCTGCATGCCACAACACATGGC,0
+sample,CATTCCCTGACAGCCAGGGCCGCAGCTCAGCCTGGAAGAAG,1
-sample,GCTGCATCCATAAGATTTTGCGTGTTGTCTTCATTTTCATT,0
-sample,CCCGGTCCCGCCTCCTAGGGCTCCTGGACGGAAGGGGTCCC,0
+sample,AGCATCTCCATTTCAGAGCCCGTATCATTTCCTGAGTAGTA,1
+sample,TCACATTTATAGAGTGCTAGCGTGCCTGACCCCAGCTGAGC,1
-sample,TTAAAGACCCTGTGCGTGTGCTGGAGGCATCGTGGACTTTT,0
-sample,TAATAATCGCCTTTGCTTTTCTTCTTGCTTAGCTTTCTCTG,0
-sample,TCGCCCCTGTAGCTCCCCTACCTCCAAGAGCCCAGCCCTTG,0
-sample,CCAGAGGAAGAAACAGGCAGCAATCTTTGCTGTTCTCCAGC,0
-sample,CCCAGCTCGCCCCAGCCCCGCTGAGAGGAGCAAGAAAAGCC,0
-sample,GTGTGGCTCTCAGGCCTGTTCTGTCCTGGGTGCGCTGCGTT,0
-sample,GGTGGGAAAATGGGCAAGGGCTAGGCCGTGTGGTCATCAAT,0
+sample,CTCCCCAGAGCCTGTCCCACCGCGGCCTCCTTCCCTCCATC,1
-sample,TTCACCTCCGCTTGGGGAAACATCCAGGTGGCTTTGCTGGA,0
+sample,CCATGACTTCTGTGAACTGTCGTGGTGCTAGTGGAAGTCTT,1
+sample,AGGATTTACTGTGCTGTGTACGTAGCCGCCCGGCTGTTGCT,1
+sample,TTTGTCAGATGAGTAGGTTGCGAAAATTTTCTCCCATGTTG,1
-sample,CCATGTGGCTGGTGGCTCACCCCAGGAACTGACAGTGGCTT,0
+sample,AATTTATAGTGCAGTATAGGCGTTAAGCCTATAGAAAATCA,1
+sample,TTTTTTAAAAGTAAAAACAACGCATTTTGCCAAAAGTTTAA,1
-sample,CAACCCCTGTTCTGCTAGTGCTCCCATTCCCACGGCAGAGA,0
+sample,CTGGGACTGGAACGTGGGGCCGCAGAGGCCAATTAGCTGTA,1
+sample,CCAGCAAAACAGTCTGGGCTCGTATTATACTTTTCCTGCCC,1
+sample,CCCATCTAGCCAGATGCCATCGTAACTCACCTTCACAGACG,1
+sample,GCGGCCACTCCTCTGCTTCCCGTCTCTGTGGCTTTGCCTAT,1
+sample,CCAGCCCGAGGCCCGGGGGGCGCGCACCTCTGTTCCGGCGC,1
-sample,AGTGGCACAATCTCGGCTCACTACAACCTCTGCTTCTTGGG,0
-sample,ACCGCCTCCCATGAGGGTCACTGGCCGAGAGGAGCTAGCCC,0
-sample,AAAAAAAAAAACTCCTGCAGCTAGCTCGGTGTCTGCCCAAA,0
+sample,GGCTTGAAGGCCAGTGTCACCGTATGGTCTCATAAAAACTC,1
+sample,TGTAAAAGATTGGCTGGGCACGGTGGCTCATGCCCATAATC,1
+sample,GCCTCAGCTGCTGGTGCCCCCGTGAAGCCACAGCATCCGTC,1
+sample,TTTGGAAGAAACAGGTCTTGCGTGTTTCCCAGGCTCGTCTT,1
-sample,GTCATCAGGTCAGCTGCAAGCTCACAGCTGCTGCATCTTTT,0
+sample,GGATTACAGGCATAAGTCATCGTGCCCAGCTAAGATTACTA,1
-sample,TCCTAGAAGCCAGCTGTTGGCCGGGAAGCAGGGAGGACGGG,0
-sample,TCCTCAGCCCACTGCCCAGGCCTGCCCCCAAACCTCCTGAA,0
+sample,AAAAGAATGGGATACTGTAACGCCTAAGGTTCTTTACTAGC,1
+sample,CTCACGGTCTCTCTCTCTCACGATCTCTCTCTCTCATGGTC,1
+sample,CTTCAGTTTCTGAAGCATGACGAGTCCCTTCCTGTCCCAGG,1
-sample,ATTACCTTGTGAAATTCCTTCTCCTGGCTCAGAAGCTCCCC,0
+sample,CCCAAAGGGTTTCTCACTGCCGTGGCCTTTTGTCAGAGAGC,1
+sample,TGTATACATACGTATATATACGTGTATACGTGCATGTATAC,1
+sample,TCACGTGAGCCCAGTGTTTACGCCTTTTAACAGATGGTTTG,1
+sample,ACAACCAGTTCTTTCATGACCGCATTCTTTGTATTGCCCTT,1
-sample,GAGAGGCCCCGTGGAGGAATCAGCATTGGATTCCAGACTCC,0
-sample,CATGCCGAGTGCTCAGGGGCCTCAGTATCCCTGAGGAACAA,0
-sample,AATTCTGGTCTAAAGTGGTTCTCAAACCTGGTTGCTGGAGG,0
+sample,TGGAGTGAGTCTAGGGCATGCGGGCTCTTCCTAGGTGTCTA,1
-sample,GAGGAGGGAAAAGGGGGAGGCGATGGGACGGGGGAGGGAAT,0
-sample,ATAAGCAACTTCAGAAAAGTCTCAGGATACAAAATCAATGT,0
-sample,AGGAGGAGGGACTCCGGTGTCAGCCAAGCCAGCCAGACCAC,0
-sample,TTTGCCTATGGTCTGAGATTCTAATCCACGGAGTTCATTCT,0
-sample,TCCAGCCCCCAGGGGAGGGGCCGGCCTCTGCCGGGGGTGCC,0
-sample,TGGATCGAGTGGTAGTTTAACTCTTAGTTCTTTGAGAAATC,0
+sample,ACACTCCCGTGCAGCTGAGGCGCCTGTAGGCTCCTCCCCAA,1
+sample,TGACCCTCAAGGGACTTGGGCGCATCCCTCCCCGCTGAGTC,1
+sample,AAAATTTGTCCCATCCAAAGCGTAAGTGTACATGTTTCTTC,1
+sample,CAACAGGATGTCTCTCAGCTCGGGCGACATGAAGTAGGGTC,1
-sample,ACCTGCTGAACTCCAGGAGGCAAAAGGAACTGGAGATTGAC,0
+sample,TTCCCATGTAGGTGAACCTGCGGGGCTCTTGTTCTCTTGGT,1
-sample,CTCCAGCTTTGTTATTTTTGCTTAGAATTGTCTTGGCTATT,0
-sample,CTCCCTCCCTCCTTCTTTTGCTCAGGAATCTTCCCTGACTC,0
-sample,GGCGCTGGGACCCGCAGCTGCGCCCTCTGCCTGAGCAGAGA,0
-sample,CATCGGGAGTTAGTAAAAGTCCACATTGAGATATGAGACCC,0
-sample,TTGACCTCGTGATCCACCCTCCTCGGCCTCCCAAAGTGCTG,0
+sample,TAAAGAGTAGGAAGGGGAGACGGGACGCAGATCCCACCAGT,1
-sample,AGGTTTGCTGGTTTGGGTGTCGGAAAGCCAGCACACCCGAG,0
+sample,TGCCAGGACCCCCCGGAGCCCGTGGTGTTGTCCACCCCTGC,1
-sample,AGCTCTGGCCTAATATTCTTCCCGCCCACGGAGCTCTTGCC,0
-sample,ACCCAAACACGCTTCAGCGGCACAGGCGCCTCCACGCGGAA,0
-sample,GAGTGCAGGGGAGAGTGGGGCCCAGGTGTCCCAGACCAAGA,0
-sample,GCAAGCCAGCACCGCCTCCTCCAGCCTCCTCATATAACTAG,0
-sample,CCCTCCCCTCTTACCTGCTGCTATCCTTTGCCACCTTTCCA,0
-sample,GGTGAGCTCAAGGCACCAAACCCAGAACGGCCCCACCCAGG,0
+sample,CGTGCAGGTCACAGGGGATGCGATGGCTTGGCTTGGGCTCA,1
+sample,ACCAGGCCCTTCCTCCAACACGTGGGGATTACAATTTGAAA,1
-sample,TAACTCCACTGTGTAAACGCCCATGAACCTAAGATTACAAG,0
-sample,TTCCCTTGTTGTAGTTTTGGCTCACCAAACATTGTTCTGAT,0
+sample,AGAGGAGGGGAAAGAAAGGGCGAAGAGAAAAGGGGAATGAA,1
-sample,GCAGCCGTGCTGCAGACAGACCTAGTGCCGAGGGATGGACA,0
+sample,AGAGCACAGCAGGCAGCAGCCGCGGCAGAGACACATCACGA,1
+sample,AGCGGCCTAGCAGAGGCCTTCGCTCTGCACCTCCTATTTTT,1
+sample,GTGAAATTTTACACGAAATTCGAATACCTTAAAATAGATAA,1
+sample,TAGCCCGGCTTGGTGGCGAGCGGCTGTAGTCGCAGCTACTC,1
-sample,CAAAGCTATAGTGATCAAAGCAACATGATACTGTCATAAAA,0
-sample,CCCCCGCAGCAGTGCCCCCGCAGCAGTTCCCCCCGCAGCAG,0
-sample,TTGATAAAAGTAGCAGCTGGCCAGGTGTGGTGGCTCACACT,0
-sample,GTGGCACACACCTGTGGTCCCTACTACTTGGTAGGATGAGG,0
+sample,AGAGGGAGCAGGCAAGCTGACGTTTTTCCACGCTCATGTTC,1
-sample,TAGGTATCCAATCTAATTTGCCTCATATGGATAACCACTTG,0
+sample,CTCCTCAGCCAACTCGGCCCCGCTGCTCTGACCCCAGCTGA,1
-sample,CAGGGGCCCCTTCTTTCCAGCCCCCATGTTTCTTACTCAGA,0
+sample,TCCTTCCCGGGACAGGCACACGCACACTCACACCACCTGCT,1
-sample,GTCCTTTAGCAATGTGTGGACTGCCCGCCCACCGCTGCCCC,0
+sample,CTTTCTTTTTTTTTCTTTGACGGAATCTCACTCTGTCGCCA,1
-sample,GAGCTGCCTGCCCTGCAGCTCATCAGTGCAAAGCCGCCCGG,0
+sample,GCTTAGGTAAACAAAGCAGCCGGGAAGCTCGAACTGAGTGG,1
+sample,CCAGGGACCGCCACTGCCCACGGCCTACAGCCCAGGAGCAA,1
+sample,GGGGCTCCCCCACAGCACACCGGGGTGGCCCTCACTGCTGG,1
-sample,CTCCAAAACAAGCAGGGATGCCCATGGACCCTGATTATCCA,0
-sample,CCAATGTGATATTTATTCAACAAATATTCATTGAGTATACC,0
-sample,CTCTGCCTGGGGAGGCCGTGCTCATGGCACCATTTAGTGAC,0
-sample,TAGAAAAAGCAGATAAATTTCTAGAAAAATGCAACTTACCT,0
-sample,AGTCGTGGGTCACAGGGTGACACACTTAACTTTCTGAGGAA,0
-sample,CTAATCATTTAAAATGTATACTAATCTTCAATTTAAATAAA,0
-sample,CATTTATTGAAGAGATTATTCTTTCTCCACTGTGTTTTCTT,0
+sample,TTAACCCAAAAAGGAAGCTGCGAAGGCTGTCCCATCCCTCC,1
+sample,CCTCCAGCCTTTTTTCTCTGCCTAACTTCTATTTGTTTACA,1
+sample,TGGTGGAGGTGGTCCCAAGGCGTGTGTGGCTTCTGGGTTCC,1
-sample,GCAAGGCTGGACCTGAGTGTCGTCACCTAAATTCAGACGGG,0
-sample,GCATTCCTATATGCAAAAAACAGACAAACAGAGAGCCAAAT,0
-sample,CTGTTGGTGCCCAGCAAGAGCTCCAAACGGGCTATATGCAG,0
-sample,CAGCCCCAGCCCCAGCCGAGCACCCCCGGCCCCGCCTGCCC,0
+sample,ATACTTATAAATCTAACATACAGTAAAATAAAATGAACACA,1
+sample,ATATGTACAACTTGTGGGATCGTTTTGTAAAAGTATATAGT,1
-sample,ACACCTGCCTGCATCCAACCCCACTGCCTTTGGGGGCTTCC,0
-sample,CACGGCCAGAGCCACCACTGCATCGCGCCTGCCGTCCTCTG,0
+sample,CCACCCTCCCCAGATGCATGCGCTCATCCTTCAGGAGGCTG,1
-sample,CGGGGCACCCACAGTCAGCACCGCCGGAACACTGTCAGCCT,0
+sample,TATATATACATATAGGTGTACGCACCTATATGTACATATAT,1
-sample,GACGACAGGGAGGGCCCAGGCAGGGGCAGGGGTCAGTGCCC,0
-sample,AGACCCCAGTGCTTTATCCACACCTCCAACAAGCTGCAGTC,0
-sample,CAGAAAATCTTTGAATTCATCTAATGGTCACCTATCCTGTG,0
-sample,TTCCTGCAGTTTTCAGTCCTCACTTCTCCTTACCAAGCAGG,0
+sample,GTGCATGGAACAATTCAGAGCGATTAGGGAGGCATGTCTCC,1
-sample,CCACAGACTCCTGTTGGGACCTTTTGCAGGGGTTCCCCAGG,0
-sample,CATGACGTGGCCATCAGTATCATTGTTTTCTTTGAGTTTTT,0
-sample,TCTTTTGCATCTCTGACATTCTCAGTCTCTGACCTCTAGAT,0
-sample,GGTATGATGTGAGCTGTGAGCTTGTTATATATGTCCTGTTT,0
-sample,AGCCATGACTAATGATCTTCCAGTGGGAAGGTACTAAGACT,0
+sample,CCCTCACAATGTAAACAAAGCGGCTGGGAATTTTGAACTGA,1
-sample,GGAGGCAGAAGGTTAAGAACCAGAGACGGTGGGCACAATGG,0
+sample,AGAGTTGCTGGGTCGGGGGGCGGGGGTTGGTTTGGAGGGGA,1
+sample,GCTGTCATGACTCAGTGGAGCGTAAAGAGGAATTGTATTTT,1
+sample,GACAGACAAAGCCTCACATACGCATATTAACCTCCCTCCTC,1
-sample,CCAGGAATTTTATATAATTTCTGAAAACATAACATTTTACC,0
+sample,TCCTGCCACCTTGAGGAGAACGTGCCTGCTTCCCCTTCTGC,1
-sample,CCACTGCCAGTGATATCCAACTATACATTCAATCCCACCAT,0
-sample,CAGAATGCTCAGTGTTTTTACTTTTTTGTCTATCATGGGAT,0
+sample,GGGAAGGAATCGGATCAGGCCGAGACACCCCGCCTCTGGCT,1
-sample,AGCCAGCTGTGCAGCATCTGCTGGAGACACCTAACCCTTGG,0
-sample,AAGAAAAAAGACCTGCATTTCTTCAACAACCCACACTGAGA,0
-sample,TACTTCTATAATTTCTTAGGCCTGTCATTACTGCAATCTCT,0
-sample,AGGCCTTACTCCGTCCCAAACTGAAAGGATTAAATGGCTTC,0
+sample,GGGGCAGCGTCTGACACTGCCGATGCCCCTCCCGGAAACCC,1
-sample,GCCACGGCCTCCAGGGCCCACCCGGGCCCTGCGGCCCCGCC,0
+sample,AGGAGAGTTGGAGTATGTTACGCATTCCCTGCAATCCAATC,1
+sample,CCCTTCTCTTCCCCTAACTCCGAAGTCATTGTGAGGCGTGG,1
+sample,GAGGTCACAGAGTTGAGCTCCGCAGGATTTTTGGTGCTGTC,1
-sample,TGGCTCACTACAACCTCCACCTCCAGGGGCTCAAGCGATCC,0
+sample,AGGTGGAGCTTGCAGTGAGCCGAGATTGCACCACTGCACCC,1
-sample,GTCAAGTCCCTACCCCTCGGCTTGGCCTGGGGCTGTGGCCC,0
-sample,TCAAGCCACGGCAATGAGAACAAAATTCGGTAAAAACAAAA,0
+sample,GAGCAGGGCCCCAGCGGGTACGGGCAGAAGGCAAGGCGCTG,1
+sample,TGGGGGAGGGGAAGACTCTACGGATGTATGCGGGGAACTCT,1
-sample,TTCATTTGAGGCCTCATTGACTTTGGAAACCTTCCCTGTAA,0
-sample,ATCCCTCACAGGAGACGCCACGGCCCCAGCACTCTTGCTGC,0
+sample,ATCCCATATATATATGTACGCGTACATATATACGTATATAT,1
+sample,CCTGGGTCTGAGGGAGGAGACGCGGGGGGCCTGGACTCCTG,1
-sample,ACTCTCTGGCCATTGAAAGGCTTCTGTTCCTTAAAGTGCTG,0
+sample,ACCCAGGGACACAAACACTGCGGAAGGCCACAGGGACCTCT,1
+sample,GGGGATGGGGGGTGGGGAGGCGGGCAGGAAGGAGAGAGAAA,1
-sample,CCCGGGGGACCTTGCAATGTCTCATCCTTAAAACCCCAGGA,0
-sample,TTCTGCAATTTTATTGAATTCATTTATCATTTCTAATAGCT,0
+sample,CAAGGGAAGCAAGGCCCCATCGACTCTTTCACCCCAGCAAC,1
-sample,ACTATAAGTTTGTTTTGTGCCATGTTTTGTATTGTGTGTGT,0
-sample,GTGGGAAGAAGGCAAGCATACACAAAAATGGTAAAAGGCAG,0
+sample,CTCTGCTGTTGGAGTGCCTACGACTCTGACACCCACCCCCC,1
+sample,CCCCAGGCTGCCTAGGCACACGCTGCTCTGCTCCCTCTTTT,1
+sample,TCCAGCTGCTCTTCCAGCAGCGCCTTGGACGCCTCCAGCAC,1
+sample,TCTCAACTGGGACTGAGCTCCGGGGTCCTTAATTCCTCATC,1
-sample,CCAAGGCAAAGCAGTCAAACCATACAATACCTTATCCTCAG,0
+sample,CCCCCTTCCTCCTTCCCTGCCGGCAGGCAGCCCCGCCTTTA,1
+sample,TAATGAACATACTTTCAAAGCGATTATCCAGTAATTTCATT,1
+sample,TTTTGTGTTTTTAGTAGAGACGGGGTTTCTCCATGTTGGTC,1
-sample,CCAGGTCTGGGGGGCCGATACCACGGGCTACGCCCAGCCCC,0
+sample,GCTGTGCTCGGGATGCCTTCCGAGTTTTCTGCAACTTCACA,1
-sample,TGGACAGAGTCTCACACTGTCGCCTGGGCTGGAGTGCATTA,0
+sample,CTGGTTCCTAAAGAAAGGCCCGCCTACACTTCGGGGTTGCA,1
+sample,CAGAGTGTGGCTCTCAAGGGCGGTGCAGGCCTGAAGGCCCT,1
+sample,TCGGGGTCAGACCACAAGGCCGATCTCAGCGTCGCCTCCCC,1
+sample,GGCAGCTTTCAGGGGCGGAGCGCATCCAGGGAGGGTCCAGA,1
+sample,GCAGTTTCCTTCATGCACAACGATTTCAGGCTTGCTATCCT,1
+sample,CACATACACATCCATATGGCCGGTTCCTGCCTTAACTGATG,1
-sample,CTGTGTCCCCCATCCATGGCCCCCATCCGCGTCCTCGTGCA,0
-sample,TTATCAAGTTTGGATCATGTCATTTGCTATTTTCTTTCTGA,0
+sample,TGTTTTTTTTGAGGGGGGGGCGTGGTTTGAGTGTGTCTTCC,1
+sample,TTCAAATAAAAATCTAAATGCGAAATATATTTAAATCTCCA,1
-sample,TTATTGTTATTGTAGAAATACAACTGATTTCTGTGTATTGA,0
-sample,TCCTGGCATAGGGCAGTTCTCATGCCAGAACATCTTGGGCC,0
+sample,AAGACCACCAACGGGCACGGCGGGGAGGCAGCTGAGGGCAA,1
-sample,CCATTTTCCAGGGTCGCATGCCCATGAGGGAGGTGGATGAA,0
-sample,GCCGAGTTCTCCTGAACCTTCCCAAGCAGCTGCTGCACCTG,0
-sample,GCGGGCCAAGGCAAGGAGGGCAGAGCCAAATGGAGATGGGT,0
+sample,GCCTCCCTGCAATCACCTGCCGGGGCAGCCAGGACAAACCC,1
-sample,GAATAAGACAAGGAAAGAAGCAGCCCACTGAGTTACATTAG,0
+sample,CTCAACCCATTATGTAGTGACGGTAACAAATTCATTGAATG,1
+sample,TGTTACCAAAGGGAGGGGGGCGGCTTTTGTGAATGTATGAG,1
-sample,ACTAATGTGGTCTGCATGTCCCTTTGCAAGGACATGCAATG,0
+sample,CTGTGGTCCCGTGGAGGAACCGGGTGTTCCCGCTGAGCTTC,1
-sample,CAAAGTCCCCACAAGGAGAACGGCCGCGGGCGCCAGGTGCC,0
+sample,GCGACATTACAGGGTGAGTACGTAGCAGATGAGTGCTTGTG,1
+sample,CTGTCCCTGGCTCCCAGCTTCGTTCTTGGTTTCCTTGGAAC,1
+sample,GCTCCTTTGTACTTTTTGTACGCCATTAACACATTGAGTCC,1
+sample,GGAGGGGGCGGGGAAAGTAGCGGTGGGATAGAGAAAGAGCA,1
+sample,ACACCTGGCTATTTTGCGCGCACGCGCGTGTGTGTGTGTGT,1
-sample,CCTCTGCGGTGCGTTGGGAGCTCCCGTCCTCCTGCGCACAC,0
-sample,TACATGTATCACTCTCTACCCCAGCCCTGTTAATTGGTACT,0
+sample,TTCTCTCATGTGTTTGCACACGGACACACCGGAAAATAATA,1
-sample,TCAAATCTTCTATTGGAACCCTAAGTAAAAAGTAACTTTTT,0
+sample,TCTATGAGGAAGGCGGGCCTCGTGTGAGGACTCAGTGAGAA,1
+sample,GGAGCATGGTGGGACAGTCACGGGGCAGGGAGCACTGTGGG,1
-sample,TGTGACCCGGGTCCTGCCTACAAATGGGGACGAGGTGTGGG,0
+sample,CATGGGTATCCTTTCTTAGACGGCTTCTAGGACTTAAGCCA,1
-sample,CAACGTCTAGTCCCCGAAGCCTCTCGGGAGGCGGGGCGGGC,0
+sample,TTTACTTGGGACCAAGGGGTCGTGGAGGGGTGAAGTGATTT,1
-sample,TGTATTTTTCTGGAAAATTACCCATTCCCTCTAGCTTTCAA,0
-sample,TCGCCCACCCGCTTCTGGGGCCACCCCCGCGTTAAGCAGGG,0
+sample,CATGTGATGCTTATCCGGCACGGCCAAGCCCAGCACAAGGA,1
+sample,TCTACTTAAGACATACATAACGTTGATCACTTTCAGGCTAT,1
+sample,CTGTACTCTAGCCTGGGTGACGGAGCGAGACTCCATCCCAA,1
-sample,TCTTGGCCAGCTCCTGGTGACAGCGTGCACCTCCCTGCTCT,0
-sample,TTCCCTGTTTCTCCCCTTTTCTCTTCCTCTGTGTGCGTCTG,0
-sample,TGACCCCCTGCCTCAACAGGCCACCGTGAGGGAGGAACAGG,0
+sample,GTCCCAGCTACTCAGCTACTCGGGAGGCTGAGGTAGGAGAA,1
-sample,GCAAAGAAACTAAACAGGCTCAACTGAAATAACTAAATGAT,0
-sample,GCACAGGAGCCAGTCATCATCCCCAAAGACACAGCTCCGAA,0
-sample,TCATTGGAGAGTACTCCTGTCTTCTTGGCATTATTGATAAT,0
-sample,GATAAAAATCATCAGAGAAGCAAAATACTGGTAGCGACACT,0
-sample,GGAGTGCAGTGGCGTGATCTCACCACACTACAACCTGCGCC,0
-sample,CTGTTCCTGCCTGCTCTCCTCCCTGTTCCCGCCTTTCCTAC,0
-sample,GACCCTCTCAAGTGCATTAGCTCCTCCTTCAGTGGCCTTGA,0
+sample,AGATAAAGTTCCAGGTTCACCGGAACCAGTTTTACGAGAAA,1
-sample,CTGTCCACTGCTCTTGCCTTCTCTGTGCATGCCTGGGGGCT,0
-sample,AACTTCCAGAGGCCTCAGCACCCTCCTCTGCACAATGGTGG,0
-sample,ATAAAATAGCATCTAATATACATCAAAAATGAGTTTCATAG,0
+sample,TGTGTTACTGAGTCCTAAATCGGGAAACAATAAACGTTTTC,1
-sample,TGCTGCTGTGTCTGCCACCACAGCCAAGCCAGCCCTCAAGT,0
-sample,GTTTGTGGTACATTGTTCAGCAACCCCAGGAAACTAAAGCA,0
-sample,CAGAGCACCAAGTCCCTAGGCTGTACACAGGCAAACAGCAG,0
+sample,ATGGAGGGGGGTGACAGGGCCGTAGAGGAGGGAGGGGGCCA,1
-sample,TTCTTTTTGCGATGTAGTTTCACTCTTGCTGCCCAGGTTGG,0
-sample,ATTTAAAAAAGCCTCCCGCCCACTGGAAAATAATCAATAAC,0
+sample,CAGCTGAGGGTGACCACCCTCGGCAGTGCGGGCAGGCAGGA,1
+sample,GGATCACGAGGTTGAGAGTTCAAGACCAGCCTGGCCAACAT,1
-sample,CCCTTAGGTGAGGGGGGGAACTAGGGCCCGGGGAGATGCCC,0
-sample,CCTGGCCAGGATTGCTTTTACAGCCAGTCTTCAGGTGCCCA,0
+sample,TTAGAAGCTGTGATGTTCCCCGTAGCTTCAAACAAACAGAT,1
+sample,CTGATGCTACCTGTTCACTTCGGGCTGAGCAGGAGAGAGAA,1
+sample,CCTCCAGCCTCCTAATATAACGAACTGTTTTCTGCCACACT,1
-sample,GACAGGGCAAGGTCCTGTTTCTGAAGAAAAAAAGGACATTG,0
+sample,CCTCCCCTTGGATGCCTTCCCGGGGTCTTGGGACCCGCACT,1
-sample,ATGATTCATGCCTCAGGAAACAGCCTTCAAATCACAACATG,0
+sample,GGAAGGCGAGGAGCCGGGGGCGGGGCCGTCCCAGCTGAGGA,1
-sample,GGATTTGATGGCATTGGTGGCGAAGGCCTGTGAGGTGATGG,0
+sample,CTGAGTGTAACTACCAGGTACGGCCACAGCCAGATGGGCTC,1
+sample,GGCCACTGAGTCTGTTGAGCCGTAACCTGTCCACTCACGGG,1
-sample,CTTCCTTGAGGCTTCGGCTGCTCATCGCTGCTCATCATCAT,0
+sample,CAGGCGTCAGGTGCCCACCACGAGAGACCCGAACAGCCTCT,1
+sample,CCCCACCTCCTTCCTCCCTGCGCTTCTGCCCCAGGTTCTCA,1
+sample,CGGTCAGAGCTGTCCCAGGCCGTGTTGGCAGAGTGGCCCAG,1
-sample,TAACTTCCTGGAGTCCTGAGCAAAGTAAGCTTTTCTCAGCT,0
-sample,TCCCGCATGGGCTGTGGTGGCCAGTGTGGGCTTCCCCCAGC,0
-sample,CAGGCCCACCCAGGTGGGTCCCAGCACCTGCAGGAAGGCCT,0
-sample,ATGTGGCTAGATAAAACAATCACACTGACAATCATCCTATA,0
-sample,GGTAATTAAAAAGAGTCTGGCTTCCTTGGCTTCCCTCTTGC,0
+sample,CTCCTGCCTGCCTCCTGCAGCGTGCTGCTGGGCAGCCCCTT,1
+sample,ATGCAGTGACCATGCAGGGGCGGGCTGGTGGTTATACTCCT,1
-sample,TGTGGGTCGTTTCCAGTTTGCAGCTACCACACACGGTGCGG,0
+sample,ATAAGGAGCTAATCTGGAGACGGTGCTGGGTCTGTGGCCTG,1
+sample,GCTGGCGGGGCGAAGTGCCTCGCGCTTGTAATCTGAGCACT,1
+sample,GCCAGGCTGGAGTGCTGTGGCGCGATCTCGTCTCACGGCAA,1
+sample,TCCTGCTGCAGCCAGCCCAGCGTGCGGGCCATGGGCCCTGC,1
-sample,AATTGTCTCGCTTCTTGGGACTGAACCAATGTACATCTTAC,0
-sample,TTCCCCAACACATCCCCCAACAGGCACTCCTCAAGCCTCTC,0
-sample,CACGGGCTGCGTCTTCCGGGCACGGGCACAGTGTGTGGGCT,0
-sample,ATGACAATGCGCGCCCGAAACTTCATTAGCAATTTTAATTT,0
+sample,CCTCCGCCTCCAGGTTCAAGCGATTCTTGTGCTTCAGTCTC,1
+sample,ATGTATGCAATAAATATTTTCGTGTATTCCTTAGATTTTAG,1
+sample,AGGGGACCTAGTTCCGGCCTCGAACCTCCCTGGTAGGTAAC,1
-sample,GTGTATATATGCCACATTTTCTTTATGCAGTCTATCACTGA,0
+sample,GGGGCCCTGGTAGGCACGGACGGGATTAAAGTTTCTTTAAG,1
-sample,ACTAGGACACGTGCTTGATTCTATTTTTGGTAAGATTGTAG,0
+sample,GCAGCCTGTGGCCATTTGGCCGAGGGTACTGCAGAGCCTGC,1
-sample,GACGGAAGGGGTCCCCGGTCCCGCCTCCTAGGGCTCCTGGA,0
+sample,ACGCACGCACACACACACACCGCTTAAATAGAGAAACAGTT,1
+sample,GGCGGATTCCCTTCTCCCTGCGATCTGATTGCTACTTGCAA,1
-sample,ACCACTGGCGTACCTAAGGGCCAGGGAATGCTGCTGACATG,0
-sample,CAGAAGGTGAGGTGAGAGGACAGGAAGACAGCCCACGAGAC,0
-sample,TGTGTGTGTGAGCGTGTGTGCACAGATGCATGAGAACTGCA,0
-sample,AATGCCCCCGAACACCTGGGCTTAAATTACACCCAAACTCA,0
-sample,CTCCACACTCCACCTCGGCACACGCAACCCTCAGCCAGAGT,0
-sample,CAGGGCACTGAGGGACTGGGCCTGACATCATCTGAGTGGTA,0
+sample,ACGTGGAATTCGCGCTGGCCCGCAAGTGCCACGCGCAGCCC,1
+sample,CGAACTCCCAGGCGGGAGCACGGCTGTGTCCAGTGAGCGGC,1
+sample,CCAGTGAGCATCTGAGACCCCGGGGCTGGGCGGCTGTGGCT,1
-sample,AAAGCATACTTTGTATGATTCTTTTAAAATTCGTTGGAACT,0
+sample,GCAGCCTGGCTCTCCCTCTGCGCTCTCTTCCCACCTACACA,1
+sample,TTCCTCCTCTCCCAGGAAGACGGCGGGAGAGATCTCAGCGC,1
-sample,TTGGTCCCTGGCCCGCCAGGCCTGGCCTCACTCAGGCTTGG,0
+sample,TTCTGGTTAACAGGGTAAGGCGTTTTCATCTCTGCCTCTAC,1
-sample,TCCCAGACAGGCCACCCACCCCTCCGAGGCCTCCCTCAGTC,0
+sample,TTGCTAGTTACTGGATCTTGCGGAATTTTTTTTTTTTTTTT,1
-sample,GACCAGTTAGGCTGTGCCAACTCCTGACCTGCAGAAGCTGG,0
-sample,GTTTGGGCAGGCAGAGGAGGCAGCTAGAAACCCATTATGCA,0
-sample,GCTGCGGAGCGCGCAGGACCCAGAGGACTCAAAGGGGACCT,0
+sample,TTCCTGTATTTTGGGCAAGCCGAGCTGGAGGCCCCTGAAGC,1
-sample,GCTTCTGAAGACCCCACAGGCTCTTGCCACCCCCGCCTGCC,0
+sample,CCTTCACTGTCCCGGCTTTGCGTCAGCCAGATTGCTCAAGC,1
+sample,ATATGGTTCCCTGCTCACAGCGCGGGCCGCGCACCCGTCCA,1
+sample,TAGGAACAATAAATTCCATACGTGTAATTTTACCATTTCTA,1
+sample,AAGAGAAAGACGGGGAGGAGCGAGACAGCAAGGAGAGCAGC,1
-sample,GTGCGGGGAGGGGACGAGGACACTGTTCCCAGCTGGACAGA,0
-sample,GATTTTTTTTTTGTCAGGTACCTCACTAGTTATTTTTAAAA,0
+sample,GGTCACCAGGCAGATGAGCACGGCCAGGAACACAAAGAGCT,1
-sample,AATAACAATATAGAAAATAACAAAATATAGATGGTCAACCT,0
+sample,TGGAAAGAAGAAATCTGTCTCGGAGCTGTGAGGTACACTAT,1
+sample,CTTTTACAAGAAGTTAATAACGTAATACTTGACACATATTA,1
+sample,AACAATAGTACTGCCGGGCGCGGTGGCTCACGCCTGTAATC,1
+sample,AATCCTTCCCCTCGAATCTGCGCCTCAGCTCCTCCTGCATG,1
+sample,CTCTCCACATTCTGTATAAGCGAATAGATGAAAACATCACA,1
+sample,AGTCTGCTGCAGCGCTGGGGCGCCAGTTTTAGGAGAGGCGC,1
-sample,AGAGGGGTGCGTTTGTGGGGCTAATTAATAGTAATAATAGG,0
-sample,CAGAGCTTCCGAACCCGGATCTGCTGCTCCCAGCCTGGAGA,0
-sample,TCAGTCTTGACTGGTTTAAACTTTTGATGTCCAGAAGGTTT,0
-sample,GCTTCTAACTATGCAGTTTGCTTGGAAAAAAAAAAAAAAGT,0
-sample,TCTGGTCACCTTCCTCGGTGCCTGTGCCTGGGGTTGGTTCT,0
+sample,CAGCAGCAGAGGAGCCCATGCGGCAGGAACAGGAGCCCATA,1
-sample,CCCCAGCCCGCCCCCCCGGGCCCGCCCGACGCCCCCAGCCA,0
+sample,TTCCAGGGATTTCTCTTTTGCACTGTTTCCATTCAATGATG,1
+sample,CCTGGCCGGCTGAGGTAGCACGGCCAGGGGGGTGGTCTGGA,1
-sample,TCTGAAAATGGCAGAAAAATCCCACATGGCTGTATATGTAT,0
+sample,ATTAGACTCTGTAAAGCATACGGGGCAAGAATCAAATGAAT,1
-sample,GATATTTATTGCATACAAGACAAGGGGGCAGGATAAGGAGG,0
+sample,ATGCCGTAAATCCCTGCTTCCGTCACTGCCAGGCACTCACC,1
+sample,CTCCAGGCAGGAGCGGGTCACGGGAGCTGGCGCGTCCAGCC,1
+sample,TCAGGAGATTGAGACCATCCCGGCTAACATGGTGAAACCCT,1
-sample,CCATCAGGTCAGTTATGTTCCTCTCTAAACTGAATATTCTG,0
-sample,AAAGGAAAATAACCAAATGACAATTAGTGAGTACTACTTGC,0
-sample,ATCTCGGCTCACTGCAACTTCCGCCCCCCGGGTTCAAGTAA,0
+sample,GAAACTTTCAATCTGAAATCCGAGTGAAAAATTACACCTTC,1
+sample,CTGGCTGGTGGTAACAGAGGCGATGCTGCTGGACGCCCAGG,1
-sample,TTCTATCCATATTGGCTTATCTGTTAACCATTTGTAAAGGT,0
+sample,GGGCAGACTGACACTTCACACGGCCGGGTACTCCTCTGAGA,1
+sample,CCTGGGCATGCAGGGCAGCACGAGGAGCTGAGCAGGGAGTG,1
-sample,ACAGCATTTTAGAGAATGAACCCAGGACACAACCACAGCAC,0
-sample,GCTCTCTTCTTAGAGGCTGACTATACTGAGAGCTACCACTC,0
+sample,AAAAAAAACACGCAGAGTTGCGGGCTAATTCAGAATTCACT,1
+sample,TCCCCGAGGTCACGCTCTGCCGTCTCTCCGGTTGAAAGGTG,1
-sample,AGACTCAGGTGGGTGAGGATCTATTGTTCAGCTACATTAGA,0
+sample,GAGACAAGGTCTTAGAGCAGCGGTTCTCAAACTCCAGCACC,1
-sample,GGATGATGGACTGTGGGAAACCTGCATGATGGGCATGAAAC,0
-sample,CTGATGATTTTGCTGCATGGCCGGTGTTGAGAATGACTGCG,0
-sample,TCACACCCTCCCCACCCCCTCCAGCCCCAGCCTCTGCCCCC,0
+sample,TTTCCTCTCAAATGCAAACACGATTCTACATTCCTGCTTGC,1
+sample,GTGAGGACCTGCACCGGCGCCGGTCTCCGAGTTCCCTCAGT,1
-sample,GTGTGGCCTCATTCTCTTCACCAGGTGGGCATGGGGTATCT,0
-sample,TCCAAATTGTTACTAAGAATCAAGAGAGATATCTGACATGA,0
-sample,TGGCGAGAAAAAATAAAAGTCTGGCTTTCTGACTCATAGGT,0
+sample,ACATATGTAACAAACCTGCACGTTGTGCACGTGTACCCTAA,1
+sample,AGTTAATTTCATTAATTAGTCGATAATATCTCAACCCAGTT,1
-sample,GCAGGCATGAGCCACCACACCCGGCCAAAAGTTGCTTTTGA,0
+sample,GACCCTTCATGTGGCTCACACGTTAGACTGGAAGGGCTGGC,1
-sample,ATAAAAATAAAAAACTATAACAAACCCTGAGAACCAAAATG,0
-sample,GAAGGTTCCCTGCAGGTGGGCAATGAGGCCCCTGTGACCGG,0
+sample,TAGTGTCCCACTGCAGGCCCCGGATGGGAGAGCAGAGGACA,1
+sample,GGTATTAAAAATTTTTTTTACAAACATTAAAATTTAGAAGA,1
+sample,GAAAGAATAATACATCATAACGAAGTGGAATTTTTTTTTAG,1
-sample,GCCCGGGGTGACCGTGTGTACGGCGTGGCGTAGGCTGGGGT,0
-sample,TGTTAATGTTTACTGAATAACTTATCTGTGCCAAGTGGTGT,0
-sample,GCCCGGGCCCCCCAGCGGCTCCAGGGCGGGCGGGCGGCTCC,0
+sample,TAATAAAATTTTGGTCAGACCGGTTCTCTGCTCTCAAACCC,1
+sample,GGGCACACTGACACCTCACACGGCAGGGTATTCCAACAGAC,1
+sample,GTGGGTGCCTGGCCTGCCAGCGCTTCCTCCTTCACTTAGGT,1
-sample,AGATGGGACGCAGAGGCTTCCAGGAAAACAGCAACACCAAA,0
+sample,TTTTATGTTTTACTGAACCACGTATGTTGTGAAAGGAGACA,1
-sample,CAGCAGGATTTTGACGGCTTCTAACAAAATCTTGTAGACAA,0
+sample,ATATACACACGATTTAAACACGGTTCCTCATTTCTTTCTTA,1
+sample,ATGATGAACATGAATACACACGTATATATAACTATATATGC,1
+sample,CTTGTGGGCAGCTAAATGGCCGTGCAAGCCTCAGTGTAGGG,1
+sample,TCTCCTCCCTGCGTCAGCGGCGGCACCAGTGCCATTGGTGA,1
+sample,GGGGGAGGGACGTGTGCAGGCGGAATGGACTCCTCATCCTG,1
-sample,GTGCCAGGCGTTTGTAAACTCTGTTCCGTCTTCTCAATTGT,0
+sample,TATCCAAATGCCTGTAGGCACGCAAAAAGATTCTCACTATC,1
-sample,CCTGTGCTGAGATTATAGTGCAGTGAGGCCCTCTCATCTCC,0
-sample,GCCCCTGCCCTTGCCCCTGCCCCTGGCCACCCAGGCTCCCA,0
-sample,ACTTCTTGGAAATTCAGAATCTCAGGCCCCAACCCAGACGG,0
+sample,ACCGTGCTATAAGAGCCCTGCGTTCCTGCCAGTCAGTCATT,1
-sample,TTAAAATTCTGCATATCATACAATTTTATAGTTTGCTAGTA,0
-sample,CTTAGCTCCCAAGGCATGTGCCTCAGCTGGCATTTCGTCAC,0
-sample,TGGTGCTGTGAGTGTGAGATCGTGTGTGTGTATGCAGTGCA,0
+sample,CAAAACCTACAACAGATACACGAAAAATTTCAGCAAGAAAT,1
+sample,AAGCCCAGAAACCTCTCTGCCGCTGTGGCCTGCCTGGGTGG,1
-sample,TCACTTGCTGCTGGCCTGGGCCACGGCACTGCTGCAGGCTC,0
+sample,GATAAAATCTATGGAGTGGTCGGTCCTCCACACCATCCAAA,1
+sample,GGGCTGGGCTGAGGGGTGGCCGGCGGTGCCAGGAGGACAGG,1
+sample,AATATTTGCAAAGTATACGTCGGATAAGAACATTATCAGAC,1
+sample,GGACATGGCCGGAAGCAAGCCGGTGAGGCAGCCTGGGAAAC,1
+sample,ACAAAGAAAGGGGTGACAGACGGCACCTGGAAAATCGGGTC,1
+sample,TTCTGCTGCTGTGGAAGCCCCGACTGGAAATGCAGCTCTGG,1
+sample,ACCAGGGCCTCTCAGGGGGACGGGGGGTAGGAGACCATCAG,1
+sample,GCAAATGCAGAGCAGGTGAGCGATATCTTCTGTTGCCCTGA,1
-sample,TCCTACCTGGGTCCCGGCGGCCGAGCTGGGCGTCTGAGCTG,0
+sample,GACAGAGGCTTTGTTAGAGCCGGCAGCTGAGGGCCGAGGCC,1
-sample,CTCAGGAAAGCTGTGAGGGACGAGGTAGTGCCTGGCTGGGG,0
+sample,TTTCACTCTAAAAAACAATTCGAGGCTAAACTTTAGCTGCA,1
+sample,CACAATAAAATTTATTTTTTCGAAAGAAAAAATATATTTTG,1
-sample,TCCCGGCGGCCTCCGCAGGCCCAAATCGTCCCGAAGTCAGT,0
+sample,GTGACACCAGCTTGCCTCTCCGGGATGTTTGTCTCTCTCTG,1
-sample,CTTTTAACCTCAGGCCTGATCATCAGGGGCACCAGCTGGTC,0
+sample,GGCACTCCCTGGCCTTCCCACGCCAGCGCCAGCTCCCAAAA,1
+sample,GATTACAGGGGGAGCCTGAGCGGCCATGGCTGAGGGCCCAG,1
+sample,TGTATACGTGCGTATATGCACGCATATATGTATACGTGCGT,1
-sample,GCTAATTTGCCAGGAGCTCACCTGCCTGCGTCACTGGGCAC,0
+sample,AACAAAGCAGCTGGGAAGCTCGAACTGGGTGGAGCCCACCA,1
-sample,GCAGGAGCTCTCTGGCTGGGCCTTGTTCAAGCCCCAACCAC,0
+sample,GGTGGGTGCAAAAGTCTCAACGCTGTAGGTGCCAGGACAAG,1
-sample,GTGGGGGTGTCAGCATCGAACCGGGGGACCTGGGTCCTGGG,0
+sample,CCTGCGGTGGAGAGAGCACCCGCAGCAGCTCTGTGAGTACT,1
-sample,CCCCGAATCCGCTGTCCCTGCAGAGTAAGTTGCATTGGCTA,0
+sample,CCTGCTGTTTCCTCGTGTCCCGGGATGTGGATTTAGTACCA,1
+sample,ATGTAGTGCCTGTAGCTACTCGGGAACAGGATTGGTTGGGC,1
+sample,GGATTACAGACATGAGCCACCGCACCAGGCCAATTTTTTTT,1
+sample,TAAACTTTACAGCTTGATCCCGGGCGCGGTGGATCACGCCT,1
+sample,CAGGCACATACTCATGCTCCCGGAGGACGGAGGAGCAGCAA,1
+sample,TCTCCTTTTGTCACACAGGGCGTGGTGCCAGACAAGGGGAT,1
+sample,AAAAAAAAATGTCAAAAGTACGATACATTTTCTCATTAACA,1
+sample,CAAGTTCCTCTTTTGCAAAACGAGATAATACCTTGCAGTGT,1
-sample,GGCCGAGGCGGGTGGATCACCCAAGGTCAGGAGTTCTAGAC,0
-sample,GGCGTCGGCGGCGGAGTCTCCCAAGTCCCCGCCGGGCGGGC,0
+sample,CCCGTCCCTCTTCCTCGGGACGGCACAGCATCTGTTCTCTG,1
-sample,CAGCAACACCCCAGGAGCCGCAAGTTCACCCACACCCAGCC,0
-sample,GGGGGTCAGGAAAGACTTCACGAAGCCATAAATGCATCCTT,0
-sample,GCAGCGGTCTTCAGGGGAAACTCTCCTTTTCTTCTGTCTGG,0
-sample,GGGCCTTGGACAAGGCAGGGCCAAAGGGAGAGGGAGATGCT,0
-sample,TGGCTGGCTCTTCATGGTTGCTACAATGAGTGTGTAAGATT,0
-sample,GACTAGAAGTCATTTAATTTCCTGTCTACAATCCTTAGAAG,0
-sample,CAAGTATTTCCTCACGCAAGCAACCGCATCCATAATCCTTC,0
-sample,GCTGTTCCTTAATTAGAAAGCCTGGCACAGAATGAAGAATG,0
+sample,GGCGCGCGCGCACGCGCGCGCGCGCGAGAGAGAGAGAGAGA,1
+sample,CCCGGGTGGGAGGCCTGGCCCGAGCCTGCCCTTGCCTCCCC,1
-sample,TCTAGCCGAGAAGCCCATTTCTCCCACCTCTGCCCTGCAGC,0
-sample,CGCCCAGCTAGCTGTTGCTTCACTGCGGCCTCCCGAGTCCA,0
+sample,ACCAGGAAGAATTAAGAACACGGACACATTGAAGGGTGAAG,1
+sample,CTGCTGGGCTAATAGCTACACGATATTTCCCAGCTTCCCTT,1
-sample,GATGGATAATTGTTCATGATCATCGCTGTATCTAATTTGTA,0
-sample,GCACCTAATTGGAAGCGCCACACTAGCAATATCAACTATTA,0
+sample,GCTAGCAATTATGTTCTCAGCGGCAACTGTGGGCAATGAGT,1
+sample,GTCGTGACCAACGTTCCCAGCGTGCTCCATCTGCAGGGCAG,1
+sample,CAACGCCACAGCAGGCCCCTCGGCCAGGGAGACCCTCCGAT,1
+sample,AGACGGAGGTTGCAGAGAGCCGAGATCGCGCCATTTTACTC,1
+sample,ACCTGCAGTATTCTGAGAAACGCTGATTCACGTGTCAATGG,1
+sample,CTCATGCTGAAGTGGGACAACGGCCCAGATGGTAAGAGGGG,1
-sample,GCCTGAGGGGGAGCCCAGGACAGCCCCTATGCTGCCCCCGT,0
+sample,ATAAGCCAGGCAGGCTATGACGCTTCCTTATAGCAGCCGGC,1
+sample,TCTGGACCTGTCATCTGGCTCGATTCTTGTAATTGAGGGAT,1
-sample,TCAGGCTGCAGTGCGTGCTGCCTCCCAATCGCTGCCTGTCC,0
+sample,GCGGGAGGGTGCACCTGTCCCGGGCGCCGTAGGCCTCTCCC,1
-sample,CAGGGGCCCTCCCCGAGCCCCCCACAACCTATGCCCAGCCT,0
+sample,ATCAACAGGGTTTAGAATGGCGATTCTCAGCCCCAGCTGTC,1
+sample,CCCTCTCTGTAAGCTGGAAGCGGTACTTGTGAGGCTGAGGC,1
+sample,AGGGCAGGAACAGCAGCCTGCGGCTCCCATGGCCTGAAGCC,1
+sample,TGAGCCCAAGCTTCCCTTGCCGGAGTAGTTTCTCCCTGGCT,1
+sample,ACTCTCAAGGCCTGGCTCAACGAGCACCGCAAGAACCCCTA,1
-sample,AGGTGGTGGCAGCAGGCGGGCTGGCGCGTGACCTGGTAGCA,0
+sample,AGACACTGTTGCACCTAGGGCGGTCCAGGGGTGAATGTAGC,1
+sample,AGGGGTTGTGGCAGTGGGGACGGGATGAGGGGACGTGGCAG,1
-sample,TGGAGCTCCAGGCCACTTTGCAGCCCCTGGTGAGGGAGGTG,0
+sample,CTCTTTCTCCCTCTCTCTCTCGGATGATTTACGTTTCCATC,1
+sample,TTGCTGTTGTTTTTCAAGATCGTTTTGGATATTTTAGATCC,1
+sample,GAGACGGAGTCTTGCTCTGTCGCCTAGGCTGGAGTGCAGCG,1
+sample,TAAGAGAAGACGGGATCGATCGGGTGGCTGGAGTCGGTGCC,1
+sample,TTGAATATTTAATTTATAATCGTTAATTAAATCATATTTAA,1
+sample,CTCGTGCTGCAGGGAGAGGGCGGCTGAGCTGAGGCACCACC,1
-sample,GTACCTGAATGGAATTTAATCAACCCACTAATCTCCTTCTC,0
+sample,GGCGGGCCGGGCCGGGGGCGCGGGGCAGGGGAATACTGTCG,1
-sample,CCCTCCTCCGAGCCCCTGTACATACCATGAATTGTGGGACC,0
-sample,TACAGAACATACAAATTATACCATGAAGCAGTAAAAAACAG,0
+sample,ATGTTTATTCCTAATCAGAACGCAATTCTATTCAGGTTACT,1
-sample,GGGAAATATAAAAGTGTTGACTTGAACCTGAGGGGTGCCAT,0
-sample,GATTCTTTTTTTATATATTTCTGGACAATTCTTTATATTTT,0
-sample,CCATCTTCTGGTCTTTCTCTCTGCGTCTGTCTCTTCTCTTT,0
+sample,TTTTTTTGCATTCAGGCCTCCGAGGATGAAAGATGTTCATC,1
+sample,CCCCCTTTCCTGCAGGAAGGCGGAGAATCCATCCTACAGAA,1
-sample,AAAAAAAAGAAAATTAAAATCTCCTTATCATCTACCTGGTA,0
+sample,ACTGACCTTCATCCCAGCCACGGCAATTCCGGGCGCCCCCT,1
+sample,GAGCACCGCCCCCTGCTCCACGGCGCCCAGTCCCATCGACC,1
